Nom,Description,Prix,Quantite,Seuil d'alerte,Date d'entree,Date de sortie,Type medicament
Medicament1,Description1,10.00,100,10,01/01/2022,01/01/2022,ORAUX
Medicament2,Description2,20.00,101,11,02/02/2022,02/02/2022,INJECTABLES
Medicament3,Description3,30.00,102,12,03/03/2022,03/03/2022,PERFUSION
Medicament4,Description4,40.00,103,13,04/04/2022,04/04/2022,VACCINS
Medicament5,Description5,50.00,104,14,05/05/2022,05/05/2022,ANTISEPTIQUES
Medicament6,Description6,60.00,105,15,06/06/2022,06/06/2022,DESINFECTANTS
Medicament7,Description7,70.00,106,16,07/07/2022,07/07/2022,ORAUX
Medicament8,Description8,80.00,107,17,08/08/2022,08/08/2022,INJECTABLES
Medicament9,Description9,90.00,108,18,09/09/2022,09/09/2022,PERFUSION
Medicament10,Description10,100.00,109,19,10/10/2022,10/10/2022,VACCINS
Medicament11,Description11,110.00,110,20,11/11/2022,11/11/2022,ANTISEPTIQUES
Medicament12,Description12,120.00,111,21,12/12/2022,12/12/2022,DESINFECTANTS
Medicament13,Description13,130.00,112,22,13/01/2022,13/01/2022,ORAUX
Medicament14,Description14,140.00,113,23,14/02/2022,14/02/2022,INJECTABLES
Medicament15,Description15,150.00,114,24,15/03/2022,15/03/2022,PERFUSION
Medicament16,Description16,160.00,115,25,16/04/2022,16/04/2022,VACCINS
Medicament17,Description17,170.00,116,26,17/05/2022,17/05/2022,ANTISEPTIQUES
Medicament18,Description18,180.00,117,27,18/06/2022,18/06/2022,DESINFECTANTS
Medicament19,Description19,190.00,118,28,19/07/2022,19/07/2022,ORAUX
Medicament20,Description20,200.00,119,29,20/08/2022,20/08/2022,INJECTABLES
Medicament21,Description21,210.00,120,30,21/09/2022,21/09/2022,PERFUSION
Medicament22,Description22,220.00,121,31,22/10/2022,22/10/2022,VACCINS
Medicament23,Description23,230.00,122,32,23/11/2022,23/11/2022,ANTISEPTIQUES
Medicament24,Description24,240.00,123,33,24/12/2022,24/12/2022,DESINFECTANTS
Medicament25,Description25,250.00,124,34,25/01/2022,25/01/2022,ORAUX
Medicament26,Description26,260.00,125,35,26/02/2022,26/02/2022,INJECTABLES
Medicament27,Description27,270.00,126,36,27/03/2022,27/03/2022,PERFUSION
Medicament28,Description28,280.00,127,37,28/04/2022,28/04/2022,VACCINS
Medicament29,Description29,290.00,128,38,01/05/2022,01/05/2022,ANTISEPTIQUES
Medicament30,Description30,300.00,129,39,02/06/2022,02/06/2022,DESINFECTANTS
Medicament31,Description31,310.00,130,40,03/07/2022,03/07/2022,ORAUX
Medicament32,Description32,320.00,131,41,04/08/2022,04/08/2022,INJECTABLES
Medicament33,Description33,330.00,132,42,05/09/2022,05/09/2022,PERFUSION
Medicament34,Description34,340.00,133,43,06/10/2022,06/10/2022,VACCINS
Medicament35,Description35,350.00,134,44,07/11/2022,07/11/2022,ANTISEPTIQUES
Medicament36,Description36,360.00,135,45,08/12/2022,08/12/2022,DESINFECTANTS
Medicament37,Description37,370.00,136,46,09/01/2022,09/01/2022,ORAUX
Medicament38,Description38,380.00,137,47,10/02/2022,10/02/2022,INJECTABLES
Medicament39,Description39,390.00,138,48,11/03/2022,11/03/2022,PERFUSION
Medicament40,Description40,400.00,139,49,12/04/2022,12/04/2022,VACCINS
Medicament41,Description41,410.00,140,50,13/05/2022,13/05/2022,ANTISEPTIQUES
Medicament42,Description42,420.00,141,51,14/06/2022,14/06/2022,DESINFECTANTS
Medicament43,Description43,430.00,142,52,15/07/2022,15/07/2022,ORAUX
Medicament44,Description44,440.00,143,53,16/08/2022,16/08/2022,INJECTABLES
Medicament45,Description45,450.00,144,54,17/09/2022,17/09/2022,PERFUSION
Medicament46,Description46,460.00,145,55,18/10/2022,18/10/2022,VACCINS
Medicament47,Description47,470.00,146,56,19/11/2022,19/11/2022,ANTISEPTIQUES
Medicament48,Description48,480.00,147,57,20/12/2022,20/12/2022,DESINFECTANTS
Medicament49,Description49,490.00,148,58,21/01/2022,21/01/2022,ORAUX
Medicament50,Description50,500.00,149,59,22/02/2022,22/02/2022,INJECTABLES
Medicament51,Description51,510.00,150,60,23/03/2022,23/03/2022,PERFUSION
Medicament52,Description52,520.00,151,61,24/04/2022,24/04/2022,VACCINS
Medicament53,Description53,530.00,152,62,25/05/2022,25/05/2022,ANTISEPTIQUES
Medicament54,Description54,540.00,153,63,26/06/2022,26/06/2022,DESINFECTANTS
Medicament55,Description55,550.00,154,64,27/07/2022,27/07/2022,ORAUX
Medicament56,Description56,560.00,155,65,28/08/2022,28/08/2022,INJECTABLES
Medicament57,Description57,570.00,156,66,01/09/2022,01/09/2022,PERFUSION
Medicament58,Description58,580.00,157,67,02/10/2022,02/10/2022,VACCINS
Medicament59,Description59,590.00,158,68,03/11/2022,03/11/2022,ANTISEPTIQUES
Medicament60,Description60,600.00,159,69,04/12/2022,04/12/2022,DESINFECTANTS
Medicament61,Description61,610.00,160,70,05/01/2022,05/01/2022,ORAUX
Medicament62,Description62,620.00,161,71,06/02/2022,06/02/2022,INJECTABLES
Medicament63,Description63,630.00,162,72,07/03/2022,07/03/2022,PERFUSION
Medicament64,Description64,640.00,163,73,08/04/2022,08/04/2022,VACCINS
Medicament65,Description65,650.00,164,74,09/05/2022,09/05/2022,ANTISEPTIQUES
Medicament66,Description66,660.00,165,75,10/06/2022,10/06/2022,DESINFECTANTS
Medicament67,Description67,670.00,166,76,11/07/2022,11/07/2022,ORAUX
Medicament68,Description68,680.00,167,77,12/08/2022,12/08/2022,INJECTABLES
Medicament69,Description69,690.00,168,78,13/09/2022,13/09/2022,PERFUSION
Medicament70,Description70,700.00,169,79,14/10/2022,14/10/2022,VACCINS
Medicament71,Description71,710.00,170,80,15/11/2022,15/11/2022,ANTISEPTIQUES
Medicament72,Description72,720.00,171,81,16/12/2022,16/12/2022,DESINFECTANTS
Medicament73,Description73,730.00,172,82,17/01/2022,17/01/2022,ORAUX
Medicament74,Description74,740.00,173,83,18/02/2022,18/02/2022,INJECTABLES
Medicament75,Description75,750.00,174,84,19/03/2022,19/03/2022,PERFUSION
Medicament76,Description76,760.00,175,85,20/04/2022,20/04/2022,VACCINS
Medicament77,Description77,770.00,176,86,21/05/2022,21/05/2022,ANTISEPTIQUES
Medicament78,Description78,780.00,177,87,22/06/2022,22/06/2022,DESINFECTANTS
Medicament79,Description79,790.00,178,88,23/07/2022,23/07/2022,ORAUX
Medicament80,Description80,800.00,179,89,24/08/2022,24/08/2022,INJECTABLES
Medicament81,Description81,810.00,180,90,25/09/2022,25/09/2022,PERFUSION
Medicament82,Description82,820.00,181,91,26/10/2022,26/10/2022,VACCINS
Medicament83,Description83,830.00,182,92,27/11/2022,27/11/2022,ANTISEPTIQUES
Medicament84,Description84,840.00,183,93,28/12/2022,28/12/2022,DESINFECTANTS
Medicament85,Description85,850.00,184,94,01/01/2022,01/01/2022,ORAUX
Medicament86,Description86,860.00,185,95,02/02/2022,02/02/2022,INJECTABLES
Medicament87,Description87,870.00,186,96,03/03/2022,03/03/2022,PERFUSION
Medicament88,Description88,880.00,187,97,04/04/2022,04/04/2022,VACCINS
Medicament89,Description89,890.00,188,98,05/05/2022,05/05/2022,ANTISEPTIQUES
Medicament90,Description90,900.00,189,99,06/06/2022,06/06/2022,DESINFECTANTS
Medicament91,Description91,910.00,190,100,07/07/2022,07/07/2022,ORAUX
Medicament92,Description92,920.00,191,101,08/08/2022,08/08/2022,INJECTABLES
Medicament93,Description93,930.00,192,102,09/09/2022,09/09/2022,PERFUSION
Medicament94,Description94,940.00,193,103,10/10/2022,10/10/2022,VACCINS
Medicament95,Description95,950.00,194,104,11/11/2022,11/11/2022,ANTISEPTIQUES
Medicament96,Description96,960.00,195,105,12/12/2022,12/12/2022,DESINFECTANTS
Medicament97,Description97,970.00,196,106,13/01/2022,13/01/2022,ORAUX
Medicament98,Description98,980.00,197,107,14/02/2022,14/02/2022,INJECTABLES
Medicament99,Description99,990.00,198,108,15/03/2022,15/03/2022,PERFUSION
Medicament100,Description100,1000.00,199,109,16/04/2022,16/04/2022,VACCINS
Medicament101,Description101,1010.00,200,110,17/05/2022,17/05/2022,ANTISEPTIQUES
Medicament102,Description102,1020.00,201,111,18/06/2022,18/06/2022,DESINFECTANTS
Medicament103,Description103,1030.00,202,112,19/07/2022,19/07/2022,ORAUX
Medicament104,Description104,1040.00,203,113,20/08/2022,20/08/2022,INJECTABLES
Medicament105,Description105,1050.00,204,114,21/09/2022,21/09/2022,PERFUSION
Medicament106,Description106,1060.00,205,115,22/10/2022,22/10/2022,VACCINS
Medicament107,Description107,1070.00,206,116,23/11/2022,23/11/2022,ANTISEPTIQUES
Medicament108,Description108,1080.00,207,117,24/12/2022,24/12/2022,DESINFECTANTS
Medicament109,Description109,1090.00,208,118,25/01/2022,25/01/2022,ORAUX
Medicament110,Description110,1100.00,209,119,26/02/2022,26/02/2022,INJECTABLES
Medicament111,Description111,1110.00,210,120,27/03/2022,27/03/2022,PERFUSION
Medicament112,Description112,1120.00,211,121,28/04/2022,28/04/2022,VACCINS
Medicament113,Description113,1130.00,212,122,01/05/2022,01/05/2022,ANTISEPTIQUES
Medicament114,Description114,1140.00,213,123,02/06/2022,02/06/2022,DESINFECTANTS
Medicament115,Description115,1150.00,214,124,03/07/2022,03/07/2022,ORAUX
Medicament116,Description116,1160.00,215,125,04/08/2022,04/08/2022,INJECTABLES
Medicament117,Description117,1170.00,216,126,05/09/2022,05/09/2022,PERFUSION
Medicament118,Description118,1180.00,217,127,06/10/2022,06/10/2022,VACCINS
Medicament119,Description119,1190.00,218,128,07/11/2022,07/11/2022,ANTISEPTIQUES
Medicament120,Description120,1200.00,219,129,08/12/2022,08/12/2022,DESINFECTANTS
Medicament121,Description121,1210.00,220,130,09/01/2022,09/01/2022,ORAUX
Medicament122,Description122,1220.00,221,131,10/02/2022,10/02/2022,INJECTABLES
Medicament123,Description123,1230.00,222,132,11/03/2022,11/03/2022,PERFUSION
Medicament124,Description124,1240.00,223,133,12/04/2022,12/04/2022,VACCINS
Medicament125,Description125,1250.00,224,134,13/05/2022,13/05/2022,ANTISEPTIQUES
Medicament126,Description126,1260.00,225,135,14/06/2022,14/06/2022,DESINFECTANTS
Medicament127,Description127,1270.00,226,136,15/07/2022,15/07/2022,ORAUX
Medicament128,Description128,1280.00,227,137,16/08/2022,16/08/2022,INJECTABLES
Medicament129,Description129,1290.00,228,138,17/09/2022,17/09/2022,PERFUSION
Medicament130,Description130,1300.00,229,139,18/10/2022,18/10/2022,VACCINS
Medicament131,Description131,1310.00,230,140,19/11/2022,19/11/2022,ANTISEPTIQUES
Medicament132,Description132,1320.00,231,141,20/12/2022,20/12/2022,DESINFECTANTS
Medicament133,Description133,1330.00,232,142,21/01/2022,21/01/2022,ORAUX
Medicament134,Description134,1340.00,233,143,22/02/2022,22/02/2022,INJECTABLES
Medicament135,Description135,1350.00,234,144,23/03/2022,23/03/2022,PERFUSION
Medicament136,Description136,1360.00,235,145,24/04/2022,24/04/2022,VACCINS
Medicament137,Description137,1370.00,236,146,25/05/2022,25/05/2022,ANTISEPTIQUES
Medicament138,Description138,1380.00,237,147,26/06/2022,26/06/2022,DESINFECTANTS
Medicament139,Description139,1390.00,238,148,27/07/2022,27/07/2022,ORAUX
Medicament140,Description140,1400.00,239,149,28/08/2022,28/08/2022,INJECTABLES
Medicament141,Description141,1410.00,240,150,01/09/2022,01/09/2022,PERFUSION
Medicament142,Description142,1420.00,241,151,02/10/2022,02/10/2022,VACCINS
Medicament143,Description143,1430.00,242,152,03/11/2022,03/11/2022,ANTISEPTIQUES
Medicament144,Description144,1440.00,243,153,04/12/2022,04/12/2022,DESINFECTANTS
Medicament145,Description145,1450.00,244,154,05/01/2022,05/01/2022,ORAUX
Medicament146,Description146,1460.00,245,155,06/02/2022,06/02/2022,INJECTABLES
Medicament147,Description147,1470.00,246,156,07/03/2022,07/03/2022,PERFUSION
Medicament148,Description148,1480.00,247,157,08/04/2022,08/04/2022,VACCINS
Medicament149,Description149,1490.00,248,158,09/05/2022,09/05/2022,ANTISEPTIQUES
Medicament150,Description150,1500.00,249,159,10/06/2022,10/06/2022,DESINFECTANTS
Medicament151,Description151,1510.00,250,160,11/07/2022,11/07/2022,ORAUX
Medicament152,Description152,1520.00,251,161,12/08/2022,12/08/2022,INJECTABLES
Medicament153,Description153,1530.00,252,162,13/09/2022,13/09/2022,PERFUSION
Medicament154,Description154,1540.00,253,163,14/10/2022,14/10/2022,VACCINS
Medicament155,Description155,1550.00,254,164,15/11/2022,15/11/2022,ANTISEPTIQUES
Medicament156,Description156,1560.00,255,165,16/12/2022,16/12/2022,DESINFECTANTS
Medicament157,Description157,1570.00,256,166,17/01/2022,17/01/2022,ORAUX
Medicament158,Description158,1580.00,257,167,18/02/2022,18/02/2022,INJECTABLES
Medicament159,Description159,1590.00,258,168,19/03/2022,19/03/2022,PERFUSION
Medicament160,Description160,1600.00,259,169,20/04/2022,20/04/2022,VACCINS
Medicament161,Description161,1610.00,260,170,21/05/2022,21/05/2022,ANTISEPTIQUES
Medicament162,Description162,1620.00,261,171,22/06/2022,22/06/2022,DESINFECTANTS
Medicament163,Description163,1630.00,262,172,23/07/2022,23/07/2022,ORAUX
Medicament164,Description164,1640.00,263,173,24/08/2022,24/08/2022,INJECTABLES
Medicament165,Description165,1650.00,264,174,25/09/2022,25/09/2022,PERFUSION
Medicament166,Description166,1660.00,265,175,26/10/2022,26/10/2022,VACCINS
Medicament167,Description167,1670.00,266,176,27/11/2022,27/11/2022,ANTISEPTIQUES
Medicament168,Description168,1680.00,267,177,28/12/2022,28/12/2022,DESINFECTANTS
Medicament169,Description169,1690.00,268,178,01/01/2022,01/01/2022,ORAUX
Medicament170,Description170,1700.00,269,179,02/02/2022,02/02/2022,INJECTABLES
Medicament171,Description171,1710.00,270,180,03/03/2022,03/03/2022,PERFUSION
Medicament172,Description172,1720.00,271,181,04/04/2022,04/04/2022,VACCINS
Medicament173,Description173,1730.00,272,182,05/05/2022,05/05/2022,ANTISEPTIQUES
Medicament174,Description174,1740.00,273,183,06/06/2022,06/06/2022,DESINFECTANTS
Medicament175,Description175,1750.00,274,184,07/07/2022,07/07/2022,ORAUX
Medicament176,Description176,1760.00,275,185,08/08/2022,08/08/2022,INJECTABLES
Medicament177,Description177,1770.00,276,186,09/09/2022,09/09/2022,PERFUSION
Medicament178,Description178,1780.00,277,187,10/10/2022,10/10/2022,VACCINS
Medicament179,Description179,1790.00,278,188,11/11/2022,11/11/2022,ANTISEPTIQUES
Medicament180,Description180,1800.00,279,189,12/12/2022,12/12/2022,DESINFECTANTS
Medicament181,Description181,1810.00,280,190,13/01/2022,13/01/2022,ORAUX
Medicament182,Description182,1820.00,281,191,14/02/2022,14/02/2022,INJECTABLES
Medicament183,Description183,1830.00,282,192,15/03/2022,15/03/2022,PERFUSION
Medicament184,Description184,1840.00,283,193,16/04/2022,16/04/2022,VACCINS
Medicament185,Description185,1850.00,284,194,17/05/2022,17/05/2022,ANTISEPTIQUES
Medicament186,Description186,1860.00,285,195,18/06/2022,18/06/2022,DESINFECTANTS
Medicament187,Description187,1870.00,286,196,19/07/2022,19/07/2022,ORAUX
Medicament188,Description188,1880.00,287,197,20/08/2022,20/08/2022,INJECTABLES
Medicament189,Description189,1890.00,288,198,21/09/2022,21/09/2022,PERFUSION
Medicament190,Description190,1900.00,289,199,22/10/2022,22/10/2022,VACCINS
Medicament191,Description191,1910.00,290,200,23/11/2022,23/11/2022,ANTISEPTIQUES
Medicament192,Description192,1920.00,291,201,24/12/2022,24/12/2022,DESINFECTANTS
Medicament193,Description193,1930.00,292,202,25/01/2022,25/01/2022,ORAUX
Medicament194,Description194,1940.00,293,203,26/02/2022,26/02/2022,INJECTABLES
Medicament195,Description195,1950.00,294,204,27/03/2022,27/03/2022,PERFUSION
Medicament196,Description196,1960.00,295,205,28/04/2022,28/04/2022,VACCINS
Medicament197,Description197,1970.00,296,206,01/05/2022,01/05/2022,ANTISEPTIQUES
Medicament198,Description198,1980.00,297,207,02/06/2022,02/06/2022,DESINFECTANTS
Medicament199,Description199,1990.00,298,208,03/07/2022,03/07/2022,ORAUX
Medicament200,Description200,2000.00,299,209,04/08/2022,04/08/2022,INJECTABLES
Medicament201,Description201,2010.00,300,210,05/09/2022,05/09/2022,PERFUSION
Medicament202,Description202,2020.00,301,211,06/10/2022,06/10/2022,VACCINS
Medicament203,Description203,2030.00,302,212,07/11/2022,07/11/2022,ANTISEPTIQUES
Medicament204,Description204,2040.00,303,213,08/12/2022,08/12/2022,DESINFECTANTS
Medicament205,Description205,2050.00,304,214,09/01/2022,09/01/2022,ORAUX
Medicament206,Description206,2060.00,305,215,10/02/2022,10/02/2022,INJECTABLES
Medicament207,Description207,2070.00,306,216,11/03/2022,11/03/2022,PERFUSION
Medicament208,Description208,2080.00,307,217,12/04/2022,12/04/2022,VACCINS
Medicament209,Description209,2090.00,308,218,13/05/2022,13/05/2022,ANTISEPTIQUES
Medicament210,Description210,2100.00,309,219,14/06/2022,14/06/2022,DESINFECTANTS
Medicament211,Description211,2110.00,310,220,15/07/2022,15/07/2022,ORAUX
Medicament212,Description212,2120.00,311,221,16/08/2022,16/08/2022,INJECTABLES
Medicament213,Description213,2130.00,312,222,17/09/2022,17/09/2022,PERFUSION
Medicament214,Description214,2140.00,313,223,18/10/2022,18/10/2022,VACCINS
Medicament215,Description215,2150.00,314,224,19/11/2022,19/11/2022,ANTISEPTIQUES
Medicament216,Description216,2160.00,315,225,20/12/2022,20/12/2022,DESINFECTANTS
Medicament217,Description217,2170.00,316,226,21/01/2022,21/01/2022,ORAUX
Medicament218,Description218,2180.00,317,227,22/02/2022,22/02/2022,INJECTABLES
Medicament219,Description219,2190.00,318,228,23/03/2022,23/03/2022,PERFUSION
Medicament220,Description220,2200.00,319,229,24/04/2022,24/04/2022,VACCINS
Medicament221,Description221,2210.00,320,230,25/05/2022,25/05/2022,ANTISEPTIQUES
Medicament222,Description222,2220.00,321,231,26/06/2022,26/06/2022,DESINFECTANTS
Medicament223,Description223,2230.00,322,232,27/07/2022,27/07/2022,ORAUX
Medicament224,Description224,2240.00,323,233,28/08/2022,28/08/2022,INJECTABLES
Medicament225,Description225,2250.00,324,234,01/09/2022,01/09/2022,PERFUSION
Medicament226,Description226,2260.00,325,235,02/10/2022,02/10/2022,VACCINS
Medicament227,Description227,2270.00,326,236,03/11/2022,03/11/2022,ANTISEPTIQUES
Medicament228,Description228,2280.00,327,237,04/12/2022,04/12/2022,DESINFECTANTS
Medicament229,Description229,2290.00,328,238,05/01/2022,05/01/2022,ORAUX
Medicament230,Description230,2300.00,329,239,06/02/2022,06/02/2022,INJECTABLES
Medicament231,Description231,2310.00,330,240,07/03/2022,07/03/2022,PERFUSION
Medicament232,Description232,2320.00,331,241,08/04/2022,08/04/2022,VACCINS
Medicament233,Description233,2330.00,332,242,09/05/2022,09/05/2022,ANTISEPTIQUES
Medicament234,Description234,2340.00,333,243,10/06/2022,10/06/2022,DESINFECTANTS
Medicament235,Description235,2350.00,334,244,11/07/2022,11/07/2022,ORAUX
Medicament236,Description236,2360.00,335,245,12/08/2022,12/08/2022,INJECTABLES
Medicament237,Description237,2370.00,336,246,13/09/2022,13/09/2022,PERFUSION
Medicament238,Description238,2380.00,337,247,14/10/2022,14/10/2022,VACCINS
Medicament239,Description239,2390.00,338,248,15/11/2022,15/11/2022,ANTISEPTIQUES
Medicament240,Description240,2400.00,339,249,16/12/2022,16/12/2022,DESINFECTANTS
Medicament241,Description241,2410.00,340,250,17/01/2022,17/01/2022,ORAUX
Medicament242,Description242,2420.00,341,251,18/02/2022,18/02/2022,INJECTABLES
Medicament243,Description243,2430.00,342,252,19/03/2022,19/03/2022,PERFUSION
Medicament244,Description244,2440.00,343,253,20/04/2022,20/04/2022,VACCINS
Medicament245,Description245,2450.00,344,254,21/05/2022,21/05/2022,ANTISEPTIQUES
Medicament246,Description246,2460.00,345,255,22/06/2022,22/06/2022,DESINFECTANTS
Medicament247,Description247,2470.00,346,256,23/07/2022,23/07/2022,ORAUX
Medicament248,Description248,2480.00,347,257,24/08/2022,24/08/2022,INJECTABLES
Medicament249,Description249,2490.00,348,258,25/09/2022,25/09/2022,PERFUSION
Medicament250,Description250,2500.00,349,259,26/10/2022,26/10/2022,VACCINS
Medicament251,Description251,2510.00,350,260,27/11/2022,27/11/2022,ANTISEPTIQUES
Medicament252,Description252,2520.00,351,261,28/12/2022,28/12/2022,DESINFECTANTS
Medicament253,Description253,2530.00,352,262,01/01/2022,01/01/2022,ORAUX
Medicament254,Description254,2540.00,353,263,02/02/2022,02/02/2022,INJECTABLES
Medicament255,Description255,2550.00,354,264,03/03/2022,03/03/2022,PERFUSION
Medicament256,Description256,2560.00,355,265,04/04/2022,04/04/2022,VACCINS
Medicament257,Description257,2570.00,356,266,05/05/2022,05/05/2022,ANTISEPTIQUES
Medicament258,Description258,2580.00,357,267,06/06/2022,06/06/2022,DESINFECTANTS
Medicament259,Description259,2590.00,358,268,07/07/2022,07/07/2022,ORAUX
Medicament260,Description260,2600.00,359,269,08/08/2022,08/08/2022,INJECTABLES
Medicament261,Description261,2610.00,360,270,09/09/2022,09/09/2022,PERFUSION
Medicament262,Description262,2620.00,361,271,10/10/2022,10/10/2022,VACCINS
Medicament263,Description263,2630.00,362,272,11/11/2022,11/11/2022,ANTISEPTIQUES
Medicament264,Description264,2640.00,363,273,12/12/2022,12/12/2022,DESINFECTANTS
Medicament265,Description265,2650.00,364,274,13/01/2022,13/01/2022,ORAUX
Medicament266,Description266,2660.00,365,275,14/02/2022,14/02/2022,INJECTABLES
Medicament267,Description267,2670.00,366,276,15/03/2022,15/03/2022,PERFUSION
Medicament268,Description268,2680.00,367,277,16/04/2022,16/04/2022,VACCINS
Medicament269,Description269,2690.00,368,278,17/05/2022,17/05/2022,ANTISEPTIQUES
Medicament270,Description270,2700.00,369,279,18/06/2022,18/06/2022,DESINFECTANTS
Medicament271,Description271,2710.00,370,280,19/07/2022,19/07/2022,ORAUX
Medicament272,Description272,2720.00,371,281,20/08/2022,20/08/2022,INJECTABLES
Medicament273,Description273,2730.00,372,282,21/09/2022,21/09/2022,PERFUSION
Medicament274,Description274,2740.00,373,283,22/10/2022,22/10/2022,VACCINS
Medicament275,Description275,2750.00,374,284,23/11/2022,23/11/2022,ANTISEPTIQUES
Medicament276,Description276,2760.00,375,285,24/12/2022,24/12/2022,DESINFECTANTS
Medicament277,Description277,2770.00,376,286,25/01/2022,25/01/2022,ORAUX
Medicament278,Description278,2780.00,377,287,26/02/2022,26/02/2022,INJECTABLES
Medicament279,Description279,2790.00,378,288,27/03/2022,27/03/2022,PERFUSION
Medicament280,Description280,2800.00,379,289,28/04/2022,28/04/2022,VACCINS
Medicament281,Description281,2810.00,380,290,01/05/2022,01/05/2022,ANTISEPTIQUES
Medicament282,Description282,2820.00,381,291,02/06/2022,02/06/2022,DESINFECTANTS
Medicament283,Description283,2830.00,382,292,03/07/2022,03/07/2022,ORAUX
Medicament284,Description284,2840.00,383,293,04/08/2022,04/08/2022,INJECTABLES
Medicament285,Description285,2850.00,384,294,05/09/2022,05/09/2022,PERFUSION
Medicament286,Description286,2860.00,385,295,06/10/2022,06/10/2022,VACCINS
Medicament287,Description287,2870.00,386,296,07/11/2022,07/11/2022,ANTISEPTIQUES
Medicament288,Description288,2880.00,387,297,08/12/2022,08/12/2022,DESINFECTANTS
Medicament289,Description289,2890.00,388,298,09/01/2022,09/01/2022,ORAUX
Medicament290,Description290,2900.00,389,299,10/02/2022,10/02/2022,INJECTABLES
Medicament291,Description291,2910.00,390,300,11/03/2022,11/03/2022,PERFUSION
Medicament292,Description292,2920.00,391,301,12/04/2022,12/04/2022,VACCINS
Medicament293,Description293,2930.00,392,302,13/05/2022,13/05/2022,ANTISEPTIQUES
Medicament294,Description294,2940.00,393,303,14/06/2022,14/06/2022,DESINFECTANTS
Medicament295,Description295,2950.00,394,304,15/07/2022,15/07/2022,ORAUX
Medicament296,Description296,2960.00,395,305,16/08/2022,16/08/2022,INJECTABLES
Medicament297,Description297,2970.00,396,306,17/09/2022,17/09/2022,PERFUSION
Medicament298,Description298,2980.00,397,307,18/10/2022,18/10/2022,VACCINS
Medicament299,Description299,2990.00,398,308,19/11/2022,19/11/2022,ANTISEPTIQUES
Medicament300,Description300,3000.00,399,309,20/12/2022,20/12/2022,DESINFECTANTS
Medicament301,Description301,3010.00,400,310,21/01/2022,21/01/2022,ORAUX
Medicament302,Description302,3020.00,401,311,22/02/2022,22/02/2022,INJECTABLES
Medicament303,Description303,3030.00,402,312,23/03/2022,23/03/2022,PERFUSION
Medicament304,Description304,3040.00,403,313,24/04/2022,24/04/2022,VACCINS
Medicament305,Description305,3050.00,404,314,25/05/2022,25/05/2022,ANTISEPTIQUES
Medicament306,Description306,3060.00,405,315,26/06/2022,26/06/2022,DESINFECTANTS
Medicament307,Description307,3070.00,406,316,27/07/2022,27/07/2022,ORAUX
Medicament308,Description308,3080.00,407,317,28/08/2022,28/08/2022,INJECTABLES
Medicament309,Description309,3090.00,408,318,01/09/2022,01/09/2022,PERFUSION
Medicament310,Description310,3100.00,409,319,02/10/2022,02/10/2022,VACCINS
Medicament311,Description311,3110.00,410,320,03/11/2022,03/11/2022,ANTISEPTIQUES
Medicament312,Description312,3120.00,411,321,04/12/2022,04/12/2022,DESINFECTANTS
Medicament313,Description313,3130.00,412,322,05/01/2022,05/01/2022,ORAUX
Medicament314,Description314,3140.00,413,323,06/02/2022,06/02/2022,INJECTABLES
Medicament315,Description315,3150.00,414,324,07/03/2022,07/03/2022,PERFUSION
Medicament316,Description316,3160.00,415,325,08/04/2022,08/04/2022,VACCINS
Medicament317,Description317,3170.00,416,326,09/05/2022,09/05/2022,ANTISEPTIQUES
Medicament318,Description318,3180.00,417,327,10/06/2022,10/06/2022,DESINFECTANTS
Medicament319,Description319,3190.00,418,328,11/07/2022,11/07/2022,ORAUX
Medicament320,Description320,3200.00,419,329,12/08/2022,12/08/2022,INJECTABLES
Medicament321,Description321,3210.00,420,330,13/09/2022,13/09/2022,PERFUSION
Medicament322,Description322,3220.00,421,331,14/10/2022,14/10/2022,VACCINS
Medicament323,Description323,3230.00,422,332,15/11/2022,15/11/2022,ANTISEPTIQUES
Medicament324,Description324,3240.00,423,333,16/12/2022,16/12/2022,DESINFECTANTS
Medicament325,Description325,3250.00,424,334,17/01/2022,17/01/2022,ORAUX
Medicament326,Description326,3260.00,425,335,18/02/2022,18/02/2022,INJECTABLES
Medicament327,Description327,3270.00,426,336,19/03/2022,19/03/2022,PERFUSION
Medicament328,Description328,3280.00,427,337,20/04/2022,20/04/2022,VACCINS
Medicament329,Description329,3290.00,428,338,21/05/2022,21/05/2022,ANTISEPTIQUES
Medicament330,Description330,3300.00,429,339,22/06/2022,22/06/2022,DESINFECTANTS
Medicament331,Description331,3310.00,430,340,23/07/2022,23/07/2022,ORAUX
Medicament332,Description332,3320.00,431,341,24/08/2022,24/08/2022,INJECTABLES
Medicament333,Description333,3330.00,432,342,25/09/2022,25/09/2022,PERFUSION
Medicament334,Description334,3340.00,433,343,26/10/2022,26/10/2022,VACCINS
Medicament335,Description335,3350.00,434,344,27/11/2022,27/11/2022,ANTISEPTIQUES
Medicament336,Description336,3360.00,435,345,28/12/2022,28/12/2022,DESINFECTANTS
Medicament337,Description337,3370.00,436,346,01/01/2022,01/01/2022,ORAUX
Medicament338,Description338,3380.00,437,347,02/02/2022,02/02/2022,INJECTABLES
Medicament339,Description339,3390.00,438,348,03/03/2022,03/03/2022,PERFUSION
Medicament340,Description340,3400.00,439,349,04/04/2022,04/04/2022,VACCINS
Medicament341,Description341,3410.00,440,350,05/05/2022,05/05/2022,ANTISEPTIQUES
Medicament342,Description342,3420.00,441,351,06/06/2022,06/06/2022,DESINFECTANTS
Medicament343,Description343,3430.00,442,352,07/07/2022,07/07/2022,ORAUX
Medicament344,Description344,3440.00,443,353,08/08/2022,08/08/2022,INJECTABLES
Medicament345,Description345,3450.00,444,354,09/09/2022,09/09/2022,PERFUSION
Medicament346,Description346,3460.00,445,355,10/10/2022,10/10/2022,VACCINS
Medicament347,Description347,3470.00,446,356,11/11/2022,11/11/2022,ANTISEPTIQUES
Medicament348,Description348,3480.00,447,357,12/12/2022,12/12/2022,DESINFECTANTS
Medicament349,Description349,3490.00,448,358,13/01/2022,13/01/2022,ORAUX
Medicament350,Description350,3500.00,449,359,14/02/2022,14/02/2022,INJECTABLES
Medicament351,Description351,3510.00,450,360,15/03/2022,15/03/2022,PERFUSION
Medicament352,Description352,3520.00,451,361,16/04/2022,16/04/2022,VACCINS
Medicament353,Description353,3530.00,452,362,17/05/2022,17/05/2022,ANTISEPTIQUES
Medicament354,Description354,3540.00,453,363,18/06/2022,18/06/2022,DESINFECTANTS
Medicament355,Description355,3550.00,454,364,19/07/2022,19/07/2022,ORAUX
Medicament356,Description356,3560.00,455,365,20/08/2022,20/08/2022,INJECTABLES
Medicament357,Description357,3570.00,456,366,21/09/2022,21/09/2022,PERFUSION
Medicament358,Description358,3580.00,457,367,22/10/2022,22/10/2022,VACCINS
Medicament359,Description359,3590.00,458,368,23/11/2022,23/11/2022,ANTISEPTIQUES
Medicament360,Description360,3600.00,459,369,24/12/2022,24/12/2022,DESINFECTANTS
Medicament361,Description361,3610.00,460,370,25/01/2022,25/01/2022,ORAUX
Medicament362,Description362,3620.00,461,371,26/02/2022,26/02/2022,INJECTABLES
Medicament363,Description363,3630.00,462,372,27/03/2022,27/03/2022,PERFUSION
Medicament364,Description364,3640.00,463,373,28/04/2022,28/04/2022,VACCINS
Medicament365,Description365,3650.00,464,374,01/05/2022,01/05/2022,ANTISEPTIQUES
Medicament366,Description366,3660.00,465,375,02/06/2022,02/06/2022,DESINFECTANTS
Medicament367,Description367,3670.00,466,376,03/07/2022,03/07/2022,ORAUX
Medicament368,Description368,3680.00,467,377,04/08/2022,04/08/2022,INJECTABLES
Medicament369,Description369,3690.00,468,378,05/09/2022,05/09/2022,PERFUSION
Medicament370,Description370,3700.00,469,379,06/10/2022,06/10/2022,VACCINS
Medicament371,Description371,3710.00,470,380,07/11/2022,07/11/2022,ANTISEPTIQUES
Medicament372,Description372,3720.00,471,381,08/12/2022,08/12/2022,DESINFECTANTS
Medicament373,Description373,3730.00,472,382,09/01/2022,09/01/2022,ORAUX
Medicament374,Description374,3740.00,473,383,10/02/2022,10/02/2022,INJECTABLES
Medicament375,Description375,3750.00,474,384,11/03/2022,11/03/2022,PERFUSION
Medicament376,Description376,3760.00,475,385,12/04/2022,12/04/2022,VACCINS
Medicament377,Description377,3770.00,476,386,13/05/2022,13/05/2022,ANTISEPTIQUES
Medicament378,Description378,3780.00,477,387,14/06/2022,14/06/2022,DESINFECTANTS
Medicament379,Description379,3790.00,478,388,15/07/2022,15/07/2022,ORAUX
Medicament380,Description380,3800.00,479,389,16/08/2022,16/08/2022,INJECTABLES
Medicament381,Description381,3810.00,480,390,17/09/2022,17/09/2022,PERFUSION
Medicament382,Description382,3820.00,481,391,18/10/2022,18/10/2022,VACCINS
Medicament383,Description383,3830.00,482,392,19/11/2022,19/11/2022,ANTISEPTIQUES
Medicament384,Description384,3840.00,483,393,20/12/2022,20/12/2022,DESINFECTANTS
Medicament385,Description385,3850.00,484,394,21/01/2022,21/01/2022,ORAUX
Medicament386,Description386,3860.00,485,395,22/02/2022,22/02/2022,INJECTABLES
Medicament387,Description387,3870.00,486,396,23/03/2022,23/03/2022,PERFUSION
Medicament388,Description388,3880.00,487,397,24/04/2022,24/04/2022,VACCINS
Medicament389,Description389,3890.00,488,398,25/05/2022,25/05/2022,ANTISEPTIQUES
Medicament390,Description390,3900.00,489,399,26/06/2022,26/06/2022,DESINFECTANTS
Medicament391,Description391,3910.00,490,400,27/07/2022,27/07/2022,ORAUX
Medicament392,Description392,3920.00,491,401,28/08/2022,28/08/2022,INJECTABLES
Medicament393,Description393,3930.00,492,402,01/09/2022,01/09/2022,PERFUSION
Medicament394,Description394,3940.00,493,403,02/10/2022,02/10/2022,VACCINS
Medicament395,Description395,3950.00,494,404,03/11/2022,03/11/2022,ANTISEPTIQUES
Medicament396,Description396,3960.00,495,405,04/12/2022,04/12/2022,DESINFECTANTS
Medicament397,Description397,3970.00,496,406,05/01/2022,05/01/2022,ORAUX
Medicament398,Description398,3980.00,497,407,06/02/2022,06/02/2022,INJECTABLES
Medicament399,Description399,3990.00,498,408,07/03/2022,07/03/2022,PERFUSION
Medicament400,Description400,4000.00,499,409,08/04/2022,08/04/2022,VACCINS
Medicament401,Description401,4010.00,500,410,09/05/2022,09/05/2022,ANTISEPTIQUES
Medicament402,Description402,4020.00,501,411,10/06/2022,10/06/2022,DESINFECTANTS
Medicament403,Description403,4030.00,502,412,11/07/2022,11/07/2022,ORAUX
Medicament404,Description404,4040.00,503,413,12/08/2022,12/08/2022,INJECTABLES
Medicament405,Description405,4050.00,504,414,13/09/2022,13/09/2022,PERFUSION
Medicament406,Description406,4060.00,505,415,14/10/2022,14/10/2022,VACCINS
Medicament407,Description407,4070.00,506,416,15/11/2022,15/11/2022,ANTISEPTIQUES
Medicament408,Description408,4080.00,507,417,16/12/2022,16/12/2022,DESINFECTANTS
Medicament409,Description409,4090.00,508,418,17/01/2022,17/01/2022,ORAUX
Medicament410,Description410,4100.00,509,419,18/02/2022,18/02/2022,INJECTABLES
Medicament411,Description411,4110.00,510,420,19/03/2022,19/03/2022,PERFUSION
Medicament412,Description412,4120.00,511,421,20/04/2022,20/04/2022,VACCINS
Medicament413,Description413,4130.00,512,422,21/05/2022,21/05/2022,ANTISEPTIQUES
Medicament414,Description414,4140.00,513,423,22/06/2022,22/06/2022,DESINFECTANTS
Medicament415,Description415,4150.00,514,424,23/07/2022,23/07/2022,ORAUX
Medicament416,Description416,4160.00,515,425,24/08/2022,24/08/2022,INJECTABLES
Medicament417,Description417,4170.00,516,426,25/09/2022,25/09/2022,PERFUSION
Medicament418,Description418,4180.00,517,427,26/10/2022,26/10/2022,VACCINS
Medicament419,Description419,4190.00,518,428,27/11/2022,27/11/2022,ANTISEPTIQUES
Medicament420,Description420,4200.00,519,429,28/12/2022,28/12/2022,DESINFECTANTS
Medicament421,Description421,4210.00,520,430,01/01/2022,01/01/2022,ORAUX
Medicament422,Description422,4220.00,521,431,02/02/2022,02/02/2022,INJECTABLES
Medicament423,Description423,4230.00,522,432,03/03/2022,03/03/2022,PERFUSION
Medicament424,Description424,4240.00,523,433,04/04/2022,04/04/2022,VACCINS
Medicament425,Description425,4250.00,524,434,05/05/2022,05/05/2022,ANTISEPTIQUES
Medicament426,Description426,4260.00,525,435,06/06/2022,06/06/2022,DESINFECTANTS
Medicament427,Description427,4270.00,526,436,07/07/2022,07/07/2022,ORAUX
Medicament428,Description428,4280.00,527,437,08/08/2022,08/08/2022,INJECTABLES
Medicament429,Description429,4290.00,528,438,09/09/2022,09/09/2022,PERFUSION
Medicament430,Description430,4300.00,529,439,10/10/2022,10/10/2022,VACCINS
Medicament431,Description431,4310.00,530,440,11/11/2022,11/11/2022,ANTISEPTIQUES
Medicament432,Description432,4320.00,531,441,12/12/2022,12/12/2022,DESINFECTANTS
Medicament433,Description433,4330.00,532,442,13/01/2022,13/01/2022,ORAUX
Medicament434,Description434,4340.00,533,443,14/02/2022,14/02/2022,INJECTABLES
Medicament435,Description435,4350.00,534,444,15/03/2022,15/03/2022,PERFUSION
Medicament436,Description436,4360.00,535,445,16/04/2022,16/04/2022,VACCINS
Medicament437,Description437,4370.00,536,446,17/05/2022,17/05/2022,ANTISEPTIQUES
Medicament438,Description438,4380.00,537,447,18/06/2022,18/06/2022,DESINFECTANTS
Medicament439,Description439,4390.00,538,448,19/07/2022,19/07/2022,ORAUX
Medicament440,Description440,4400.00,539,449,20/08/2022,20/08/2022,INJECTABLES
Medicament441,Description441,4410.00,540,450,21/09/2022,21/09/2022,PERFUSION
Medicament442,Description442,4420.00,541,451,22/10/2022,22/10/2022,VACCINS
Medicament443,Description443,4430.00,542,452,23/11/2022,23/11/2022,ANTISEPTIQUES
Medicament444,Description444,4440.00,543,453,24/12/2022,24/12/2022,DESINFECTANTS
Medicament445,Description445,4450.00,544,454,25/01/2022,25/01/2022,ORAUX
Medicament446,Description446,4460.00,545,455,26/02/2022,26/02/2022,INJECTABLES
Medicament447,Description447,4470.00,546,456,27/03/2022,27/03/2022,PERFUSION
Medicament448,Description448,4480.00,547,457,28/04/2022,28/04/2022,VACCINS
Medicament449,Description449,4490.00,548,458,01/05/2022,01/05/2022,ANTISEPTIQUES
Medicament450,Description450,4500.00,549,459,02/06/2022,02/06/2022,DESINFECTANTS
Medicament451,Description451,4510.00,550,460,03/07/2022,03/07/2022,ORAUX
Medicament452,Description452,4520.00,551,461,04/08/2022,04/08/2022,INJECTABLES
Medicament453,Description453,4530.00,552,462,05/09/2022,05/09/2022,PERFUSION
Medicament454,Description454,4540.00,553,463,06/10/2022,06/10/2022,VACCINS
Medicament455,Description455,4550.00,554,464,07/11/2022,07/11/2022,ANTISEPTIQUES
Medicament456,Description456,4560.00,555,465,08/12/2022,08/12/2022,DESINFECTANTS
Medicament457,Description457,4570.00,556,466,09/01/2022,09/01/2022,ORAUX
Medicament458,Description458,4580.00,557,467,10/02/2022,10/02/2022,INJECTABLES
Medicament459,Description459,4590.00,558,468,11/03/2022,11/03/2022,PERFUSION
Medicament460,Description460,4600.00,559,469,12/04/2022,12/04/2022,VACCINS
Medicament461,Description461,4610.00,560,470,13/05/2022,13/05/2022,ANTISEPTIQUES
Medicament462,Description462,4620.00,561,471,14/06/2022,14/06/2022,DESINFECTANTS
Medicament463,Description463,4630.00,562,472,15/07/2022,15/07/2022,ORAUX
Medicament464,Description464,4640.00,563,473,16/08/2022,16/08/2022,INJECTABLES
Medicament465,Description465,4650.00,564,474,17/09/2022,17/09/2022,PERFUSION
Medicament466,Description466,4660.00,565,475,18/10/2022,18/10/2022,VACCINS
Medicament467,Description467,4670.00,566,476,19/11/2022,19/11/2022,ANTISEPTIQUES
Medicament468,Description468,4680.00,567,477,20/12/2022,20/12/2022,DESINFECTANTS
Medicament469,Description469,4690.00,568,478,21/01/2022,21/01/2022,ORAUX
Medicament470,Description470,4700.00,569,479,22/02/2022,22/02/2022,INJECTABLES
Medicament471,Description471,4710.00,570,480,23/03/2022,23/03/2022,PERFUSION
Medicament472,Description472,4720.00,571,481,24/04/2022,24/04/2022,VACCINS
Medicament473,Description473,4730.00,572,482,25/05/2022,25/05/2022,ANTISEPTIQUES
Medicament474,Description474,4740.00,573,483,26/06/2022,26/06/2022,DESINFECTANTS
Medicament475,Description475,4750.00,574,484,27/07/2022,27/07/2022,ORAUX
Medicament476,Description476,4760.00,575,485,28/08/2022,28/08/2022,INJECTABLES
Medicament477,Description477,4770.00,576,486,01/09/2022,01/09/2022,PERFUSION
Medicament478,Description478,4780.00,577,487,02/10/2022,02/10/2022,VACCINS
Medicament479,Description479,4790.00,578,488,03/11/2022,03/11/2022,ANTISEPTIQUES
Medicament480,Description480,4800.00,579,489,04/12/2022,04/12/2022,DESINFECTANTS
Medicament481,Description481,4810.00,580,490,05/01/2022,05/01/2022,ORAUX
Medicament482,Description482,4820.00,581,491,06/02/2022,06/02/2022,INJECTABLES
Medicament483,Description483,4830.00,582,492,07/03/2022,07/03/2022,PERFUSION
Medicament484,Description484,4840.00,583,493,08/04/2022,08/04/2022,VACCINS
Medicament485,Description485,4850.00,584,494,09/05/2022,09/05/2022,ANTISEPTIQUES
Medicament486,Description486,4860.00,585,495,10/06/2022,10/06/2022,DESINFECTANTS
Medicament487,Description487,4870.00,586,496,11/07/2022,11/07/2022,ORAUX
Medicament488,Description488,4880.00,587,497,12/08/2022,12/08/2022,INJECTABLES
Medicament489,Description489,4890.00,588,498,13/09/2022,13/09/2022,PERFUSION
Medicament490,Description490,4900.00,589,499,14/10/2022,14/10/2022,VACCINS
Medicament491,Description491,4910.00,590,500,15/11/2022,15/11/2022,ANTISEPTIQUES
Medicament492,Description492,4920.00,591,501,16/12/2022,16/12/2022,DESINFECTANTS
Medicament493,Description493,4930.00,592,502,17/01/2022,17/01/2022,ORAUX
Medicament494,Description494,4940.00,593,503,18/02/2022,18/02/2022,INJECTABLES
Medicament495,Description495,4950.00,594,504,19/03/2022,19/03/2022,PERFUSION
Medicament496,Description496,4960.00,595,505,20/04/2022,20/04/2022,VACCINS
Medicament497,Description497,4970.00,596,506,21/05/2022,21/05/2022,ANTISEPTIQUES
Medicament498,Description498,4980.00,597,507,22/06/2022,22/06/2022,DESINFECTANTS
Medicament499,Description499,4990.00,598,508,23/07/2022,23/07/2022,ORAUX
Medicament500,Description500,5000.00,599,509,24/08/2022,24/08/2022,INJECTABLES
Medicament501,Description501,5010.00,600,510,25/09/2022,25/09/2022,PERFUSION
Medicament502,Description502,5020.00,601,511,26/10/2022,26/10/2022,VACCINS
Medicament503,Description503,5030.00,602,512,27/11/2022,27/11/2022,ANTISEPTIQUES
Medicament504,Description504,5040.00,603,513,28/12/2022,28/12/2022,DESINFECTANTS
Medicament505,Description505,5050.00,604,514,01/01/2022,01/01/2022,ORAUX
Medicament506,Description506,5060.00,605,515,02/02/2022,02/02/2022,INJECTABLES
Medicament507,Description507,5070.00,606,516,03/03/2022,03/03/2022,PERFUSION
Medicament508,Description508,5080.00,607,517,04/04/2022,04/04/2022,VACCINS
Medicament509,Description509,5090.00,608,518,05/05/2022,05/05/2022,ANTISEPTIQUES
Medicament510,Description510,5100.00,609,519,06/06/2022,06/06/2022,DESINFECTANTS
Medicament511,Description511,5110.00,610,520,07/07/2022,07/07/2022,ORAUX
Medicament512,Description512,5120.00,611,521,08/08/2022,08/08/2022,INJECTABLES
Medicament513,Description513,5130.00,612,522,09/09/2022,09/09/2022,PERFUSION
Medicament514,Description514,5140.00,613,523,10/10/2022,10/10/2022,VACCINS
Medicament515,Description515,5150.00,614,524,11/11/2022,11/11/2022,ANTISEPTIQUES
Medicament516,Description516,5160.00,615,525,12/12/2022,12/12/2022,DESINFECTANTS
Medicament517,Description517,5170.00,616,526,13/01/2022,13/01/2022,ORAUX
Medicament518,Description518,5180.00,617,527,14/02/2022,14/02/2022,INJECTABLES
Medicament519,Description519,5190.00,618,528,15/03/2022,15/03/2022,PERFUSION
Medicament520,Description520,5200.00,619,529,16/04/2022,16/04/2022,VACCINS
Medicament521,Description521,5210.00,620,530,17/05/2022,17/05/2022,ANTISEPTIQUES
Medicament522,Description522,5220.00,621,531,18/06/2022,18/06/2022,DESINFECTANTS
Medicament523,Description523,5230.00,622,532,19/07/2022,19/07/2022,ORAUX
Medicament524,Description524,5240.00,623,533,20/08/2022,20/08/2022,INJECTABLES
Medicament525,Description525,5250.00,624,534,21/09/2022,21/09/2022,PERFUSION
Medicament526,Description526,5260.00,625,535,22/10/2022,22/10/2022,VACCINS
Medicament527,Description527,5270.00,626,536,23/11/2022,23/11/2022,ANTISEPTIQUES
Medicament528,Description528,5280.00,627,537,24/12/2022,24/12/2022,DESINFECTANTS
Medicament529,Description529,5290.00,628,538,25/01/2022,25/01/2022,ORAUX
Medicament530,Description530,5300.00,629,539,26/02/2022,26/02/2022,INJECTABLES
Medicament531,Description531,5310.00,630,540,27/03/2022,27/03/2022,PERFUSION
Medicament532,Description532,5320.00,631,541,28/04/2022,28/04/2022,VACCINS
Medicament533,Description533,5330.00,632,542,01/05/2022,01/05/2022,ANTISEPTIQUES
Medicament534,Description534,5340.00,633,543,02/06/2022,02/06/2022,DESINFECTANTS
Medicament535,Description535,5350.00,634,544,03/07/2022,03/07/2022,ORAUX
Medicament536,Description536,5360.00,635,545,04/08/2022,04/08/2022,INJECTABLES
Medicament537,Description537,5370.00,636,546,05/09/2022,05/09/2022,PERFUSION
Medicament538,Description538,5380.00,637,547,06/10/2022,06/10/2022,VACCINS
Medicament539,Description539,5390.00,638,548,07/11/2022,07/11/2022,ANTISEPTIQUES
Medicament540,Description540,5400.00,639,549,08/12/2022,08/12/2022,DESINFECTANTS
Medicament541,Description541,5410.00,640,550,09/01/2022,09/01/2022,ORAUX
Medicament542,Description542,5420.00,641,551,10/02/2022,10/02/2022,INJECTABLES
Medicament543,Description543,5430.00,642,552,11/03/2022,11/03/2022,PERFUSION
Medicament544,Description544,5440.00,643,553,12/04/2022,12/04/2022,VACCINS
Medicament545,Description545,5450.00,644,554,13/05/2022,13/05/2022,ANTISEPTIQUES
Medicament546,Description546,5460.00,645,555,14/06/2022,14/06/2022,DESINFECTANTS
Medicament547,Description547,5470.00,646,556,15/07/2022,15/07/2022,ORAUX
Medicament548,Description548,5480.00,647,557,16/08/2022,16/08/2022,INJECTABLES
Medicament549,Description549,5490.00,648,558,17/09/2022,17/09/2022,PERFUSION
Medicament550,Description550,5500.00,649,559,18/10/2022,18/10/2022,VACCINS
Medicament551,Description551,5510.00,650,560,19/11/2022,19/11/2022,ANTISEPTIQUES
Medicament552,Description552,5520.00,651,561,20/12/2022,20/12/2022,DESINFECTANTS
Medicament553,Description553,5530.00,652,562,21/01/2022,21/01/2022,ORAUX
Medicament554,Description554,5540.00,653,563,22/02/2022,22/02/2022,INJECTABLES
Medicament555,Description555,5550.00,654,564,23/03/2022,23/03/2022,PERFUSION
Medicament556,Description556,5560.00,655,565,24/04/2022,24/04/2022,VACCINS
Medicament557,Description557,5570.00,656,566,25/05/2022,25/05/2022,ANTISEPTIQUES
Medicament558,Description558,5580.00,657,567,26/06/2022,26/06/2022,DESINFECTANTS
Medicament559,Description559,5590.00,658,568,27/07/2022,27/07/2022,ORAUX
Medicament560,Description560,5600.00,659,569,28/08/2022,28/08/2022,INJECTABLES
Medicament561,Description561,5610.00,660,570,01/09/2022,01/09/2022,PERFUSION
Medicament562,Description562,5620.00,661,571,02/10/2022,02/10/2022,VACCINS
Medicament563,Description563,5630.00,662,572,03/11/2022,03/11/2022,ANTISEPTIQUES
Medicament564,Description564,5640.00,663,573,04/12/2022,04/12/2022,DESINFECTANTS
Medicament565,Description565,5650.00,664,574,05/01/2022,05/01/2022,ORAUX
Medicament566,Description566,5660.00,665,575,06/02/2022,06/02/2022,INJECTABLES
Medicament567,Description567,5670.00,666,576,07/03/2022,07/03/2022,PERFUSION
Medicament568,Description568,5680.00,667,577,08/04/2022,08/04/2022,VACCINS
Medicament569,Description569,5690.00,668,578,09/05/2022,09/05/2022,ANTISEPTIQUES
Medicament570,Description570,5700.00,669,579,10/06/2022,10/06/2022,DESINFECTANTS
Medicament571,Description571,5710.00,670,580,11/07/2022,11/07/2022,ORAUX
Medicament572,Description572,5720.00,671,581,12/08/2022,12/08/2022,INJECTABLES
Medicament573,Description573,5730.00,672,582,13/09/2022,13/09/2022,PERFUSION
Medicament574,Description574,5740.00,673,583,14/10/2022,14/10/2022,VACCINS
Medicament575,Description575,5750.00,674,584,15/11/2022,15/11/2022,ANTISEPTIQUES
Medicament576,Description576,5760.00,675,585,16/12/2022,16/12/2022,DESINFECTANTS
Medicament577,Description577,5770.00,676,586,17/01/2022,17/01/2022,ORAUX
Medicament578,Description578,5780.00,677,587,18/02/2022,18/02/2022,INJECTABLES
Medicament579,Description579,5790.00,678,588,19/03/2022,19/03/2022,PERFUSION
Medicament580,Description580,5800.00,679,589,20/04/2022,20/04/2022,VACCINS
Medicament581,Description581,5810.00,680,590,21/05/2022,21/05/2022,ANTISEPTIQUES
Medicament582,Description582,5820.00,681,591,22/06/2022,22/06/2022,DESINFECTANTS
Medicament583,Description583,5830.00,682,592,23/07/2022,23/07/2022,ORAUX
Medicament584,Description584,5840.00,683,593,24/08/2022,24/08/2022,INJECTABLES
Medicament585,Description585,5850.00,684,594,25/09/2022,25/09/2022,PERFUSION
Medicament586,Description586,5860.00,685,595,26/10/2022,26/10/2022,VACCINS
Medicament587,Description587,5870.00,686,596,27/11/2022,27/11/2022,ANTISEPTIQUES
Medicament588,Description588,5880.00,687,597,28/12/2022,28/12/2022,DESINFECTANTS
Medicament589,Description589,5890.00,688,598,01/01/2022,01/01/2022,ORAUX
Medicament590,Description590,5900.00,689,599,02/02/2022,02/02/2022,INJECTABLES
Medicament591,Description591,5910.00,690,600,03/03/2022,03/03/2022,PERFUSION
Medicament592,Description592,5920.00,691,601,04/04/2022,04/04/2022,VACCINS
Medicament593,Description593,5930.00,692,602,05/05/2022,05/05/2022,ANTISEPTIQUES
Medicament594,Description594,5940.00,693,603,06/06/2022,06/06/2022,DESINFECTANTS
Medicament595,Description595,5950.00,694,604,07/07/2022,07/07/2022,ORAUX
Medicament596,Description596,5960.00,695,605,08/08/2022,08/08/2022,INJECTABLES
Medicament597,Description597,5970.00,696,606,09/09/2022,09/09/2022,PERFUSION
Medicament598,Description598,5980.00,697,607,10/10/2022,10/10/2022,VACCINS
Medicament599,Description599,5990.00,698,608,11/11/2022,11/11/2022,ANTISEPTIQUES
Medicament600,Description600,6000.00,699,609,12/12/2022,12/12/2022,DESINFECTANTS
Medicament601,Description601,6010.00,700,610,13/01/2022,13/01/2022,ORAUX
Medicament602,Description602,6020.00,701,611,14/02/2022,14/02/2022,INJECTABLES
Medicament603,Description603,6030.00,702,612,15/03/2022,15/03/2022,PERFUSION
Medicament604,Description604,6040.00,703,613,16/04/2022,16/04/2022,VACCINS
Medicament605,Description605,6050.00,704,614,17/05/2022,17/05/2022,ANTISEPTIQUES
Medicament606,Description606,6060.00,705,615,18/06/2022,18/06/2022,DESINFECTANTS
Medicament607,Description607,6070.00,706,616,19/07/2022,19/07/2022,ORAUX
Medicament608,Description608,6080.00,707,617,20/08/2022,20/08/2022,INJECTABLES
Medicament609,Description609,6090.00,708,618,21/09/2022,21/09/2022,PERFUSION
Medicament610,Description610,6100.00,709,619,22/10/2022,22/10/2022,VACCINS
Medicament611,Description611,6110.00,710,620,23/11/2022,23/11/2022,ANTISEPTIQUES
Medicament612,Description612,6120.00,711,621,24/12/2022,24/12/2022,DESINFECTANTS
Medicament613,Description613,6130.00,712,622,25/01/2022,25/01/2022,ORAUX
Medicament614,Description614,6140.00,713,623,26/02/2022,26/02/2022,INJECTABLES
Medicament615,Description615,6150.00,714,624,27/03/2022,27/03/2022,PERFUSION
Medicament616,Description616,6160.00,715,625,28/04/2022,28/04/2022,VACCINS
Medicament617,Description617,6170.00,716,626,01/05/2022,01/05/2022,ANTISEPTIQUES
Medicament618,Description618,6180.00,717,627,02/06/2022,02/06/2022,DESINFECTANTS
Medicament619,Description619,6190.00,718,628,03/07/2022,03/07/2022,ORAUX
Medicament620,Description620,6200.00,719,629,04/08/2022,04/08/2022,INJECTABLES
Medicament621,Description621,6210.00,720,630,05/09/2022,05/09/2022,PERFUSION
Medicament622,Description622,6220.00,721,631,06/10/2022,06/10/2022,VACCINS
Medicament623,Description623,6230.00,722,632,07/11/2022,07/11/2022,ANTISEPTIQUES
Medicament624,Description624,6240.00,723,633,08/12/2022,08/12/2022,DESINFECTANTS
Medicament625,Description625,6250.00,724,634,09/01/2022,09/01/2022,ORAUX
Medicament626,Description626,6260.00,725,635,10/02/2022,10/02/2022,INJECTABLES
Medicament627,Description627,6270.00,726,636,11/03/2022,11/03/2022,PERFUSION
Medicament628,Description628,6280.00,727,637,12/04/2022,12/04/2022,VACCINS
Medicament629,Description629,6290.00,728,638,13/05/2022,13/05/2022,ANTISEPTIQUES
Medicament630,Description630,6300.00,729,639,14/06/2022,14/06/2022,DESINFECTANTS
Medicament631,Description631,6310.00,730,640,15/07/2022,15/07/2022,ORAUX
Medicament632,Description632,6320.00,731,641,16/08/2022,16/08/2022,INJECTABLES
Medicament633,Description633,6330.00,732,642,17/09/2022,17/09/2022,PERFUSION
Medicament634,Description634,6340.00,733,643,18/10/2022,18/10/2022,VACCINS
Medicament635,Description635,6350.00,734,644,19/11/2022,19/11/2022,ANTISEPTIQUES
Medicament636,Description636,6360.00,735,645,20/12/2022,20/12/2022,DESINFECTANTS
Medicament637,Description637,6370.00,736,646,21/01/2022,21/01/2022,ORAUX
Medicament638,Description638,6380.00,737,647,22/02/2022,22/02/2022,INJECTABLES
Medicament639,Description639,6390.00,738,648,23/03/2022,23/03/2022,PERFUSION
Medicament640,Description640,6400.00,739,649,24/04/2022,24/04/2022,VACCINS
Medicament641,Description641,6410.00,740,650,25/05/2022,25/05/2022,ANTISEPTIQUES
Medicament642,Description642,6420.00,741,651,26/06/2022,26/06/2022,DESINFECTANTS
Medicament643,Description643,6430.00,742,652,27/07/2022,27/07/2022,ORAUX
Medicament644,Description644,6440.00,743,653,28/08/2022,28/08/2022,INJECTABLES
Medicament645,Description645,6450.00,744,654,01/09/2022,01/09/2022,PERFUSION
Medicament646,Description646,6460.00,745,655,02/10/2022,02/10/2022,VACCINS
Medicament647,Description647,6470.00,746,656,03/11/2022,03/11/2022,ANTISEPTIQUES
Medicament648,Description648,6480.00,747,657,04/12/2022,04/12/2022,DESINFECTANTS
Medicament649,Description649,6490.00,748,658,05/01/2022,05/01/2022,ORAUX
Medicament650,Description650,6500.00,749,659,06/02/2022,06/02/2022,INJECTABLES
Medicament651,Description651,6510.00,750,660,07/03/2022,07/03/2022,PERFUSION
Medicament652,Description652,6520.00,751,661,08/04/2022,08/04/2022,VACCINS
Medicament653,Description653,6530.00,752,662,09/05/2022,09/05/2022,ANTISEPTIQUES
Medicament654,Description654,6540.00,753,663,10/06/2022,10/06/2022,DESINFECTANTS
Medicament655,Description655,6550.00,754,664,11/07/2022,11/07/2022,ORAUX
Medicament656,Description656,6560.00,755,665,12/08/2022,12/08/2022,INJECTABLES
Medicament657,Description657,6570.00,756,666,13/09/2022,13/09/2022,PERFUSION
Medicament658,Description658,6580.00,757,667,14/10/2022,14/10/2022,VACCINS
Medicament659,Description659,6590.00,758,668,15/11/2022,15/11/2022,ANTISEPTIQUES
Medicament660,Description660,6600.00,759,669,16/12/2022,16/12/2022,DESINFECTANTS
Medicament661,Description661,6610.00,760,670,17/01/2022,17/01/2022,ORAUX
Medicament662,Description662,6620.00,761,671,18/02/2022,18/02/2022,INJECTABLES
Medicament663,Description663,6630.00,762,672,19/03/2022,19/03/2022,PERFUSION
Medicament664,Description664,6640.00,763,673,20/04/2022,20/04/2022,VACCINS
Medicament665,Description665,6650.00,764,674,21/05/2022,21/05/2022,ANTISEPTIQUES
Medicament666,Description666,6660.00,765,675,22/06/2022,22/06/2022,DESINFECTANTS
Medicament667,Description667,6670.00,766,676,23/07/2022,23/07/2022,ORAUX
Medicament668,Description668,6680.00,767,677,24/08/2022,24/08/2022,INJECTABLES
Medicament669,Description669,6690.00,768,678,25/09/2022,25/09/2022,PERFUSION
Medicament670,Description670,6700.00,769,679,26/10/2022,26/10/2022,VACCINS
Medicament671,Description671,6710.00,770,680,27/11/2022,27/11/2022,ANTISEPTIQUES
Medicament672,Description672,6720.00,771,681,28/12/2022,28/12/2022,DESINFECTANTS
Medicament673,Description673,6730.00,772,682,01/01/2022,01/01/2022,ORAUX
Medicament674,Description674,6740.00,773,683,02/02/2022,02/02/2022,INJECTABLES
Medicament675,Description675,6750.00,774,684,03/03/2022,03/03/2022,PERFUSION
Medicament676,Description676,6760.00,775,685,04/04/2022,04/04/2022,VACCINS
Medicament677,Description677,6770.00,776,686,05/05/2022,05/05/2022,ANTISEPTIQUES
Medicament678,Description678,6780.00,777,687,06/06/2022,06/06/2022,DESINFECTANTS
Medicament679,Description679,6790.00,778,688,07/07/2022,07/07/2022,ORAUX
Medicament680,Description680,6800.00,779,689,08/08/2022,08/08/2022,INJECTABLES
Medicament681,Description681,6810.00,780,690,09/09/2022,09/09/2022,PERFUSION
Medicament682,Description682,6820.00,781,691,10/10/2022,10/10/2022,VACCINS
Medicament683,Description683,6830.00,782,692,11/11/2022,11/11/2022,ANTISEPTIQUES
Medicament684,Description684,6840.00,783,693,12/12/2022,12/12/2022,DESINFECTANTS
Medicament685,Description685,6850.00,784,694,13/01/2022,13/01/2022,ORAUX
Medicament686,Description686,6860.00,785,695,14/02/2022,14/02/2022,INJECTABLES
Medicament687,Description687,6870.00,786,696,15/03/2022,15/03/2022,PERFUSION
Medicament688,Description688,6880.00,787,697,16/04/2022,16/04/2022,VACCINS
Medicament689,Description689,6890.00,788,698,17/05/2022,17/05/2022,ANTISEPTIQUES
Medicament690,Description690,6900.00,789,699,18/06/2022,18/06/2022,DESINFECTANTS
Medicament691,Description691,6910.00,790,700,19/07/2022,19/07/2022,ORAUX
Medicament692,Description692,6920.00,791,701,20/08/2022,20/08/2022,INJECTABLES
Medicament693,Description693,6930.00,792,702,21/09/2022,21/09/2022,PERFUSION
Medicament694,Description694,6940.00,793,703,22/10/2022,22/10/2022,VACCINS
Medicament695,Description695,6950.00,794,704,23/11/2022,23/11/2022,ANTISEPTIQUES
Medicament696,Description696,6960.00,795,705,24/12/2022,24/12/2022,DESINFECTANTS
Medicament697,Description697,6970.00,796,706,25/01/2022,25/01/2022,ORAUX
Medicament698,Description698,6980.00,797,707,26/02/2022,26/02/2022,INJECTABLES
Medicament699,Description699,6990.00,798,708,27/03/2022,27/03/2022,PERFUSION
Medicament700,Description700,7000.00,799,709,28/04/2022,28/04/2022,VACCINS
Medicament701,Description701,7010.00,800,710,01/05/2022,01/05/2022,ANTISEPTIQUES
Medicament702,Description702,7020.00,801,711,02/06/2022,02/06/2022,DESINFECTANTS
Medicament703,Description703,7030.00,802,712,03/07/2022,03/07/2022,ORAUX
Medicament704,Description704,7040.00,803,713,04/08/2022,04/08/2022,INJECTABLES
Medicament705,Description705,7050.00,804,714,05/09/2022,05/09/2022,PERFUSION
Medicament706,Description706,7060.00,805,715,06/10/2022,06/10/2022,VACCINS
Medicament707,Description707,7070.00,806,716,07/11/2022,07/11/2022,ANTISEPTIQUES
Medicament708,Description708,7080.00,807,717,08/12/2022,08/12/2022,DESINFECTANTS
Medicament709,Description709,7090.00,808,718,09/01/2022,09/01/2022,ORAUX
Medicament710,Description710,7100.00,809,719,10/02/2022,10/02/2022,INJECTABLES
Medicament711,Description711,7110.00,810,720,11/03/2022,11/03/2022,PERFUSION
Medicament712,Description712,7120.00,811,721,12/04/2022,12/04/2022,VACCINS
Medicament713,Description713,7130.00,812,722,13/05/2022,13/05/2022,ANTISEPTIQUES
Medicament714,Description714,7140.00,813,723,14/06/2022,14/06/2022,DESINFECTANTS
Medicament715,Description715,7150.00,814,724,15/07/2022,15/07/2022,ORAUX
Medicament716,Description716,7160.00,815,725,16/08/2022,16/08/2022,INJECTABLES
Medicament717,Description717,7170.00,816,726,17/09/2022,17/09/2022,PERFUSION
Medicament718,Description718,7180.00,817,727,18/10/2022,18/10/2022,VACCINS
Medicament719,Description719,7190.00,818,728,19/11/2022,19/11/2022,ANTISEPTIQUES
Medicament720,Description720,7200.00,819,729,20/12/2022,20/12/2022,DESINFECTANTS
Medicament721,Description721,7210.00,820,730,21/01/2022,21/01/2022,ORAUX
Medicament722,Description722,7220.00,821,731,22/02/2022,22/02/2022,INJECTABLES
Medicament723,Description723,7230.00,822,732,23/03/2022,23/03/2022,PERFUSION
Medicament724,Description724,7240.00,823,733,24/04/2022,24/04/2022,VACCINS
Medicament725,Description725,7250.00,824,734,25/05/2022,25/05/2022,ANTISEPTIQUES
Medicament726,Description726,7260.00,825,735,26/06/2022,26/06/2022,DESINFECTANTS
Medicament727,Description727,7270.00,826,736,27/07/2022,27/07/2022,ORAUX
Medicament728,Description728,7280.00,827,737,28/08/2022,28/08/2022,INJECTABLES
Medicament729,Description729,7290.00,828,738,01/09/2022,01/09/2022,PERFUSION
Medicament730,Description730,7300.00,829,739,02/10/2022,02/10/2022,VACCINS
Medicament731,Description731,7310.00,830,740,03/11/2022,03/11/2022,ANTISEPTIQUES
Medicament732,Description732,7320.00,831,741,04/12/2022,04/12/2022,DESINFECTANTS
Medicament733,Description733,7330.00,832,742,05/01/2022,05/01/2022,ORAUX
Medicament734,Description734,7340.00,833,743,06/02/2022,06/02/2022,INJECTABLES
Medicament735,Description735,7350.00,834,744,07/03/2022,07/03/2022,PERFUSION
Medicament736,Description736,7360.00,835,745,08/04/2022,08/04/2022,VACCINS
Medicament737,Description737,7370.00,836,746,09/05/2022,09/05/2022,ANTISEPTIQUES
Medicament738,Description738,7380.00,837,747,10/06/2022,10/06/2022,DESINFECTANTS
Medicament739,Description739,7390.00,838,748,11/07/2022,11/07/2022,ORAUX
Medicament740,Description740,7400.00,839,749,12/08/2022,12/08/2022,INJECTABLES
Medicament741,Description741,7410.00,840,750,13/09/2022,13/09/2022,PERFUSION
Medicament742,Description742,7420.00,841,751,14/10/2022,14/10/2022,VACCINS
Medicament743,Description743,7430.00,842,752,15/11/2022,15/11/2022,ANTISEPTIQUES
Medicament744,Description744,7440.00,843,753,16/12/2022,16/12/2022,DESINFECTANTS
Medicament745,Description745,7450.00,844,754,17/01/2022,17/01/2022,ORAUX
Medicament746,Description746,7460.00,845,755,18/02/2022,18/02/2022,INJECTABLES
Medicament747,Description747,7470.00,846,756,19/03/2022,19/03/2022,PERFUSION
Medicament748,Description748,7480.00,847,757,20/04/2022,20/04/2022,VACCINS
Medicament749,Description749,7490.00,848,758,21/05/2022,21/05/2022,ANTISEPTIQUES
Medicament750,Description750,7500.00,849,759,22/06/2022,22/06/2022,DESINFECTANTS
Medicament751,Description751,7510.00,850,760,23/07/2022,23/07/2022,ORAUX
Medicament752,Description752,7520.00,851,761,24/08/2022,24/08/2022,INJECTABLES
Medicament753,Description753,7530.00,852,762,25/09/2022,25/09/2022,PERFUSION
Medicament754,Description754,7540.00,853,763,26/10/2022,26/10/2022,VACCINS
Medicament755,Description755,7550.00,854,764,27/11/2022,27/11/2022,ANTISEPTIQUES
Medicament756,Description756,7560.00,855,765,28/12/2022,28/12/2022,DESINFECTANTS
Medicament757,Description757,7570.00,856,766,01/01/2022,01/01/2022,ORAUX
Medicament758,Description758,7580.00,857,767,02/02/2022,02/02/2022,INJECTABLES
Medicament759,Description759,7590.00,858,768,03/03/2022,03/03/2022,PERFUSION
Medicament760,Description760,7600.00,859,769,04/04/2022,04/04/2022,VACCINS
Medicament761,Description761,7610.00,860,770,05/05/2022,05/05/2022,ANTISEPTIQUES
Medicament762,Description762,7620.00,861,771,06/06/2022,06/06/2022,DESINFECTANTS
Medicament763,Description763,7630.00,862,772,07/07/2022,07/07/2022,ORAUX
Medicament764,Description764,7640.00,863,773,08/08/2022,08/08/2022,INJECTABLES
Medicament765,Description765,7650.00,864,774,09/09/2022,09/09/2022,PERFUSION
Medicament766,Description766,7660.00,865,775,10/10/2022,10/10/2022,VACCINS
Medicament767,Description767,7670.00,866,776,11/11/2022,11/11/2022,ANTISEPTIQUES
Medicament768,Description768,7680.00,867,777,12/12/2022,12/12/2022,DESINFECTANTS
Medicament769,Description769,7690.00,868,778,13/01/2022,13/01/2022,ORAUX
Medicament770,Description770,7700.00,869,779,14/02/2022,14/02/2022,INJECTABLES
Medicament771,Description771,7710.00,870,780,15/03/2022,15/03/2022,PERFUSION
Medicament772,Description772,7720.00,871,781,16/04/2022,16/04/2022,VACCINS
Medicament773,Description773,7730.00,872,782,17/05/2022,17/05/2022,ANTISEPTIQUES
Medicament774,Description774,7740.00,873,783,18/06/2022,18/06/2022,DESINFECTANTS
Medicament775,Description775,7750.00,874,784,19/07/2022,19/07/2022,ORAUX
Medicament776,Description776,7760.00,875,785,20/08/2022,20/08/2022,INJECTABLES
Medicament777,Description777,7770.00,876,786,21/09/2022,21/09/2022,PERFUSION
Medicament778,Description778,7780.00,877,787,22/10/2022,22/10/2022,VACCINS
Medicament779,Description779,7790.00,878,788,23/11/2022,23/11/2022,ANTISEPTIQUES
Medicament780,Description780,7800.00,879,789,24/12/2022,24/12/2022,DESINFECTANTS
Medicament781,Description781,7810.00,880,790,25/01/2022,25/01/2022,ORAUX
Medicament782,Description782,7820.00,881,791,26/02/2022,26/02/2022,INJECTABLES
Medicament783,Description783,7830.00,882,792,27/03/2022,27/03/2022,PERFUSION
Medicament784,Description784,7840.00,883,793,28/04/2022,28/04/2022,VACCINS
Medicament785,Description785,7850.00,884,794,01/05/2022,01/05/2022,ANTISEPTIQUES
Medicament786,Description786,7860.00,885,795,02/06/2022,02/06/2022,DESINFECTANTS
Medicament787,Description787,7870.00,886,796,03/07/2022,03/07/2022,ORAUX
Medicament788,Description788,7880.00,887,797,04/08/2022,04/08/2022,INJECTABLES
Medicament789,Description789,7890.00,888,798,05/09/2022,05/09/2022,PERFUSION
Medicament790,Description790,7900.00,889,799,06/10/2022,06/10/2022,VACCINS
Medicament791,Description791,7910.00,890,800,07/11/2022,07/11/2022,ANTISEPTIQUES
Medicament792,Description792,7920.00,891,801,08/12/2022,08/12/2022,DESINFECTANTS
Medicament793,Description793,7930.00,892,802,09/01/2022,09/01/2022,ORAUX
Medicament794,Description794,7940.00,893,803,10/02/2022,10/02/2022,INJECTABLES
Medicament795,Description795,7950.00,894,804,11/03/2022,11/03/2022,PERFUSION
Medicament796,Description796,7960.00,895,805,12/04/2022,12/04/2022,VACCINS
Medicament797,Description797,7970.00,896,806,13/05/2022,13/05/2022,ANTISEPTIQUES
Medicament798,Description798,7980.00,897,807,14/06/2022,14/06/2022,DESINFECTANTS
Medicament799,Description799,7990.00,898,808,15/07/2022,15/07/2022,ORAUX
Medicament800,Description800,8000.00,899,809,16/08/2022,16/08/2022,INJECTABLES
Medicament801,Description801,8010.00,900,810,17/09/2022,17/09/2022,PERFUSION
Medicament802,Description802,8020.00,901,811,18/10/2022,18/10/2022,VACCINS
Medicament803,Description803,8030.00,902,812,19/11/2022,19/11/2022,ANTISEPTIQUES
Medicament804,Description804,8040.00,903,813,20/12/2022,20/12/2022,DESINFECTANTS
Medicament805,Description805,8050.00,904,814,21/01/2022,21/01/2022,ORAUX
Medicament806,Description806,8060.00,905,815,22/02/2022,22/02/2022,INJECTABLES
Medicament807,Description807,8070.00,906,816,23/03/2022,23/03/2022,PERFUSION
Medicament808,Description808,8080.00,907,817,24/04/2022,24/04/2022,VACCINS
Medicament809,Description809,8090.00,908,818,25/05/2022,25/05/2022,ANTISEPTIQUES
Medicament810,Description810,8100.00,909,819,26/06/2022,26/06/2022,DESINFECTANTS
Medicament811,Description811,8110.00,910,820,27/07/2022,27/07/2022,ORAUX
Medicament812,Description812,8120.00,911,821,28/08/2022,28/08/2022,INJECTABLES
Medicament813,Description813,8130.00,912,822,01/09/2022,01/09/2022,PERFUSION
Medicament814,Description814,8140.00,913,823,02/10/2022,02/10/2022,VACCINS
Medicament815,Description815,8150.00,914,824,03/11/2022,03/11/2022,ANTISEPTIQUES
Medicament816,Description816,8160.00,915,825,04/12/2022,04/12/2022,DESINFECTANTS
Medicament817,Description817,8170.00,916,826,05/01/2022,05/01/2022,ORAUX
Medicament818,Description818,8180.00,917,827,06/02/2022,06/02/2022,INJECTABLES
Medicament819,Description819,8190.00,918,828,07/03/2022,07/03/2022,PERFUSION
Medicament820,Description820,8200.00,919,829,08/04/2022,08/04/2022,VACCINS
Medicament821,Description821,8210.00,920,830,09/05/2022,09/05/2022,ANTISEPTIQUES
Medicament822,Description822,8220.00,921,831,10/06/2022,10/06/2022,DESINFECTANTS
Medicament823,Description823,8230.00,922,832,11/07/2022,11/07/2022,ORAUX
Medicament824,Description824,8240.00,923,833,12/08/2022,12/08/2022,INJECTABLES
Medicament825,Description825,8250.00,924,834,13/09/2022,13/09/2022,PERFUSION
Medicament826,Description826,8260.00,925,835,14/10/2022,14/10/2022,VACCINS
Medicament827,Description827,8270.00,926,836,15/11/2022,15/11/2022,ANTISEPTIQUES
Medicament828,Description828,8280.00,927,837,16/12/2022,16/12/2022,DESINFECTANTS
Medicament829,Description829,8290.00,928,838,17/01/2022,17/01/2022,ORAUX
Medicament830,Description830,8300.00,929,839,18/02/2022,18/02/2022,INJECTABLES
Medicament831,Description831,8310.00,930,840,19/03/2022,19/03/2022,PERFUSION
Medicament832,Description832,8320.00,931,841,20/04/2022,20/04/2022,VACCINS
Medicament833,Description833,8330.00,932,842,21/05/2022,21/05/2022,ANTISEPTIQUES
Medicament834,Description834,8340.00,933,843,22/06/2022,22/06/2022,DESINFECTANTS
Medicament835,Description835,8350.00,934,844,23/07/2022,23/07/2022,ORAUX
Medicament836,Description836,8360.00,935,845,24/08/2022,24/08/2022,INJECTABLES
Medicament837,Description837,8370.00,936,846,25/09/2022,25/09/2022,PERFUSION
Medicament838,Description838,8380.00,937,847,26/10/2022,26/10/2022,VACCINS
Medicament839,Description839,8390.00,938,848,27/11/2022,27/11/2022,ANTISEPTIQUES
Medicament840,Description840,8400.00,939,849,28/12/2022,28/12/2022,DESINFECTANTS
Medicament841,Description841,8410.00,940,850,01/01/2022,01/01/2022,ORAUX
Medicament842,Description842,8420.00,941,851,02/02/2022,02/02/2022,INJECTABLES
Medicament843,Description843,8430.00,942,852,03/03/2022,03/03/2022,PERFUSION
Medicament844,Description844,8440.00,943,853,04/04/2022,04/04/2022,VACCINS
Medicament845,Description845,8450.00,944,854,05/05/2022,05/05/2022,ANTISEPTIQUES
Medicament846,Description846,8460.00,945,855,06/06/2022,06/06/2022,DESINFECTANTS
Medicament847,Description847,8470.00,946,856,07/07/2022,07/07/2022,ORAUX
Medicament848,Description848,8480.00,947,857,08/08/2022,08/08/2022,INJECTABLES
Medicament849,Description849,8490.00,948,858,09/09/2022,09/09/2022,PERFUSION
Medicament850,Description850,8500.00,949,859,10/10/2022,10/10/2022,VACCINS
Medicament851,Description851,8510.00,950,860,11/11/2022,11/11/2022,ANTISEPTIQUES
Medicament852,Description852,8520.00,951,861,12/12/2022,12/12/2022,DESINFECTANTS
Medicament853,Description853,8530.00,952,862,13/01/2022,13/01/2022,ORAUX
Medicament854,Description854,8540.00,953,863,14/02/2022,14/02/2022,INJECTABLES
Medicament855,Description855,8550.00,954,864,15/03/2022,15/03/2022,PERFUSION
Medicament856,Description856,8560.00,955,865,16/04/2022,16/04/2022,VACCINS
Medicament857,Description857,8570.00,956,866,17/05/2022,17/05/2022,ANTISEPTIQUES
Medicament858,Description858,8580.00,957,867,18/06/2022,18/06/2022,DESINFECTANTS
Medicament859,Description859,8590.00,958,868,19/07/2022,19/07/2022,ORAUX
Medicament860,Description860,8600.00,959,869,20/08/2022,20/08/2022,INJECTABLES
Medicament861,Description861,8610.00,960,870,21/09/2022,21/09/2022,PERFUSION
Medicament862,Description862,8620.00,961,871,22/10/2022,22/10/2022,VACCINS
Medicament863,Description863,8630.00,962,872,23/11/2022,23/11/2022,ANTISEPTIQUES
Medicament864,Description864,8640.00,963,873,24/12/2022,24/12/2022,DESINFECTANTS
Medicament865,Description865,8650.00,964,874,25/01/2022,25/01/2022,ORAUX
Medicament866,Description866,8660.00,965,875,26/02/2022,26/02/2022,INJECTABLES
Medicament867,Description867,8670.00,966,876,27/03/2022,27/03/2022,PERFUSION
Medicament868,Description868,8680.00,967,877,28/04/2022,28/04/2022,VACCINS
Medicament869,Description869,8690.00,968,878,01/05/2022,01/05/2022,ANTISEPTIQUES
Medicament870,Description870,8700.00,969,879,02/06/2022,02/06/2022,DESINFECTANTS
Medicament871,Description871,8710.00,970,880,03/07/2022,03/07/2022,ORAUX
Medicament872,Description872,8720.00,971,881,04/08/2022,04/08/2022,INJECTABLES
Medicament873,Description873,8730.00,972,882,05/09/2022,05/09/2022,PERFUSION
Medicament874,Description874,8740.00,973,883,06/10/2022,06/10/2022,VACCINS
Medicament875,Description875,8750.00,974,884,07/11/2022,07/11/2022,ANTISEPTIQUES
Medicament876,Description876,8760.00,975,885,08/12/2022,08/12/2022,DESINFECTANTS
Medicament877,Description877,8770.00,976,886,09/01/2022,09/01/2022,ORAUX
Medicament878,Description878,8780.00,977,887,10/02/2022,10/02/2022,INJECTABLES
Medicament879,Description879,8790.00,978,888,11/03/2022,11/03/2022,PERFUSION
Medicament880,Description880,8800.00,979,889,12/04/2022,12/04/2022,VACCINS
Medicament881,Description881,8810.00,980,890,13/05/2022,13/05/2022,ANTISEPTIQUES
Medicament882,Description882,8820.00,981,891,14/06/2022,14/06/2022,DESINFECTANTS
Medicament883,Description883,8830.00,982,892,15/07/2022,15/07/2022,ORAUX
Medicament884,Description884,8840.00,983,893,16/08/2022,16/08/2022,INJECTABLES
Medicament885,Description885,8850.00,984,894,17/09/2022,17/09/2022,PERFUSION
Medicament886,Description886,8860.00,985,895,18/10/2022,18/10/2022,VACCINS
Medicament887,Description887,8870.00,986,896,19/11/2022,19/11/2022,ANTISEPTIQUES
Medicament888,Description888,8880.00,987,897,20/12/2022,20/12/2022,DESINFECTANTS
Medicament889,Description889,8890.00,988,898,21/01/2022,21/01/2022,ORAUX
Medicament890,Description890,8900.00,989,899,22/02/2022,22/02/2022,INJECTABLES
Medicament891,Description891,8910.00,990,900,23/03/2022,23/03/2022,PERFUSION
Medicament892,Description892,8920.00,991,901,24/04/2022,24/04/2022,VACCINS
Medicament893,Description893,8930.00,992,902,25/05/2022,25/05/2022,ANTISEPTIQUES
Medicament894,Description894,8940.00,993,903,26/06/2022,26/06/2022,DESINFECTANTS
Medicament895,Description895,8950.00,994,904,27/07/2022,27/07/2022,ORAUX
Medicament896,Description896,8960.00,995,905,28/08/2022,28/08/2022,INJECTABLES
Medicament897,Description897,8970.00,996,906,01/09/2022,01/09/2022,PERFUSION
Medicament898,Description898,8980.00,997,907,02/10/2022,02/10/2022,VACCINS
Medicament899,Description899,8990.00,998,908,03/11/2022,03/11/2022,ANTISEPTIQUES
Medicament900,Description900,9000.00,999,909,04/12/2022,04/12/2022,DESINFECTANTS
Medicament901,Description901,9010.00,1000,910,05/01/2022,05/01/2022,ORAUX
Medicament902,Description902,9020.00,1001,911,06/02/2022,06/02/2022,INJECTABLES
Medicament903,Description903,9030.00,1002,912,07/03/2022,07/03/2022,PERFUSION
Medicament904,Description904,9040.00,1003,913,08/04/2022,08/04/2022,VACCINS
Medicament905,Description905,9050.00,1004,914,09/05/2022,09/05/2022,ANTISEPTIQUES
Medicament906,Description906,9060.00,1005,915,10/06/2022,10/06/2022,DESINFECTANTS
Medicament907,Description907,9070.00,1006,916,11/07/2022,11/07/2022,ORAUX
Medicament908,Description908,9080.00,1007,917,12/08/2022,12/08/2022,INJECTABLES
Medicament909,Description909,9090.00,1008,918,13/09/2022,13/09/2022,PERFUSION
Medicament910,Description910,9100.00,1009,919,14/10/2022,14/10/2022,VACCINS
Medicament911,Description911,9110.00,1010,920,15/11/2022,15/11/2022,ANTISEPTIQUES
Medicament912,Description912,9120.00,1011,921,16/12/2022,16/12/2022,DESINFECTANTS
Medicament913,Description913,9130.00,1012,922,17/01/2022,17/01/2022,ORAUX
Medicament914,Description914,9140.00,1013,923,18/02/2022,18/02/2022,INJECTABLES
Medicament915,Description915,9150.00,1014,924,19/03/2022,19/03/2022,PERFUSION
Medicament916,Description916,9160.00,1015,925,20/04/2022,20/04/2022,VACCINS
Medicament917,Description917,9170.00,1016,926,21/05/2022,21/05/2022,ANTISEPTIQUES
Medicament918,Description918,9180.00,1017,927,22/06/2022,22/06/2022,DESINFECTANTS
Medicament919,Description919,9190.00,1018,928,23/07/2022,23/07/2022,ORAUX
Medicament920,Description920,9200.00,1019,929,24/08/2022,24/08/2022,INJECTABLES
Medicament921,Description921,9210.00,1020,930,25/09/2022,25/09/2022,PERFUSION
Medicament922,Description922,9220.00,1021,931,26/10/2022,26/10/2022,VACCINS
Medicament923,Description923,9230.00,1022,932,27/11/2022,27/11/2022,ANTISEPTIQUES
Medicament924,Description924,9240.00,1023,933,28/12/2022,28/12/2022,DESINFECTANTS
Medicament925,Description925,9250.00,1024,934,01/01/2022,01/01/2022,ORAUX
Medicament926,Description926,9260.00,1025,935,02/02/2022,02/02/2022,INJECTABLES
Medicament927,Description927,9270.00,1026,936,03/03/2022,03/03/2022,PERFUSION
Medicament928,Description928,9280.00,1027,937,04/04/2022,04/04/2022,VACCINS
Medicament929,Description929,9290.00,1028,938,05/05/2022,05/05/2022,ANTISEPTIQUES
Medicament930,Description930,9300.00,1029,939,06/06/2022,06/06/2022,DESINFECTANTS
Medicament931,Description931,9310.00,1030,940,07/07/2022,07/07/2022,ORAUX
Medicament932,Description932,9320.00,1031,941,08/08/2022,08/08/2022,INJECTABLES
Medicament933,Description933,9330.00,1032,942,09/09/2022,09/09/2022,PERFUSION
Medicament934,Description934,9340.00,1033,943,10/10/2022,10/10/2022,VACCINS
Medicament935,Description935,9350.00,1034,944,11/11/2022,11/11/2022,ANTISEPTIQUES
Medicament936,Description936,9360.00,1035,945,12/12/2022,12/12/2022,DESINFECTANTS
Medicament937,Description937,9370.00,1036,946,13/01/2022,13/01/2022,ORAUX
Medicament938,Description938,9380.00,1037,947,14/02/2022,14/02/2022,INJECTABLES
Medicament939,Description939,9390.00,1038,948,15/03/2022,15/03/2022,PERFUSION
Medicament940,Description940,9400.00,1039,949,16/04/2022,16/04/2022,VACCINS
Medicament941,Description941,9410.00,1040,950,17/05/2022,17/05/2022,ANTISEPTIQUES
Medicament942,Description942,9420.00,1041,951,18/06/2022,18/06/2022,DESINFECTANTS
Medicament943,Description943,9430.00,1042,952,19/07/2022,19/07/2022,ORAUX
Medicament944,Description944,9440.00,1043,953,20/08/2022,20/08/2022,INJECTABLES
Medicament945,Description945,9450.00,1044,954,21/09/2022,21/09/2022,PERFUSION
Medicament946,Description946,9460.00,1045,955,22/10/2022,22/10/2022,VACCINS
Medicament947,Description947,9470.00,1046,956,23/11/2022,23/11/2022,ANTISEPTIQUES
Medicament948,Description948,9480.00,1047,957,24/12/2022,24/12/2022,DESINFECTANTS
Medicament949,Description949,9490.00,1048,958,25/01/2022,25/01/2022,ORAUX
Medicament950,Description950,9500.00,1049,959,26/02/2022,26/02/2022,INJECTABLES
Medicament951,Description951,9510.00,1050,960,27/03/2022,27/03/2022,PERFUSION
Medicament952,Description952,9520.00,1051,961,28/04/2022,28/04/2022,VACCINS
Medicament953,Description953,9530.00,1052,962,01/05/2022,01/05/2022,ANTISEPTIQUES
Medicament954,Description954,9540.00,1053,963,02/06/2022,02/06/2022,DESINFECTANTS
Medicament955,Description955,9550.00,1054,964,03/07/2022,03/07/2022,ORAUX
Medicament956,Description956,9560.00,1055,965,04/08/2022,04/08/2022,INJECTABLES
Medicament957,Description957,9570.00,1056,966,05/09/2022,05/09/2022,PERFUSION
Medicament958,Description958,9580.00,1057,967,06/10/2022,06/10/2022,VACCINS
Medicament959,Description959,9590.00,1058,968,07/11/2022,07/11/2022,ANTISEPTIQUES
Medicament960,Description960,9600.00,1059,969,08/12/2022,08/12/2022,DESINFECTANTS
Medicament961,Description961,9610.00,1060,970,09/01/2022,09/01/2022,ORAUX
Medicament962,Description962,9620.00,1061,971,10/02/2022,10/02/2022,INJECTABLES
Medicament963,Description963,9630.00,1062,972,11/03/2022,11/03/2022,PERFUSION
Medicament964,Description964,9640.00,1063,973,12/04/2022,12/04/2022,VACCINS
Medicament965,Description965,9650.00,1064,974,13/05/2022,13/05/2022,ANTISEPTIQUES
Medicament966,Description966,9660.00,1065,975,14/06/2022,14/06/2022,DESINFECTANTS
Medicament967,Description967,9670.00,1066,976,15/07/2022,15/07/2022,ORAUX
Medicament968,Description968,9680.00,1067,977,16/08/2022,16/08/2022,INJECTABLES
Medicament969,Description969,9690.00,1068,978,17/09/2022,17/09/2022,PERFUSION
Medicament970,Description970,9700.00,1069,979,18/10/2022,18/10/2022,VACCINS
Medicament971,Description971,9710.00,1070,980,19/11/2022,19/11/2022,ANTISEPTIQUES
Medicament972,Description972,9720.00,1071,981,20/12/2022,20/12/2022,DESINFECTANTS
Medicament973,Description973,9730.00,1072,982,21/01/2022,21/01/2022,ORAUX
Medicament974,Description974,9740.00,1073,983,22/02/2022,22/02/2022,INJECTABLES
Medicament975,Description975,9750.00,1074,984,23/03/2022,23/03/2022,PERFUSION
Medicament976,Description976,9760.00,1075,985,24/04/2022,24/04/2022,VACCINS
Medicament977,Description977,9770.00,1076,986,25/05/2022,25/05/2022,ANTISEPTIQUES
Medicament978,Description978,9780.00,1077,987,26/06/2022,26/06/2022,DESINFECTANTS
Medicament979,Description979,9790.00,1078,988,27/07/2022,27/07/2022,ORAUX
Medicament980,Description980,9800.00,1079,989,28/08/2022,28/08/2022,INJECTABLES
Medicament981,Description981,9810.00,1080,990,01/09/2022,01/09/2022,PERFUSION
Medicament982,Description982,9820.00,1081,991,02/10/2022,02/10/2022,VACCINS
Medicament983,Description983,9830.00,1082,992,03/11/2022,03/11/2022,ANTISEPTIQUES
Medicament984,Description984,9840.00,1083,993,04/12/2022,04/12/2022,DESINFECTANTS
Medicament985,Description985,9850.00,1084,994,05/01/2022,05/01/2022,ORAUX
Medicament986,Description986,9860.00,1085,995,06/02/2022,06/02/2022,INJECTABLES
Medicament987,Description987,9870.00,1086,996,07/03/2022,07/03/2022,PERFUSION
Medicament988,Description988,9880.00,1087,997,08/04/2022,08/04/2022,VACCINS
Medicament989,Description989,9890.00,1088,998,09/05/2022,09/05/2022,ANTISEPTIQUES
Medicament990,Description990,9900.00,1089,999,10/06/2022,10/06/2022,DESINFECTANTS
Medicament991,Description991,9910.00,1090,1000,11/07/2022,11/07/2022,ORAUX
Medicament992,Description992,9920.00,1091,1001,12/08/2022,12/08/2022,INJECTABLES
Medicament993,Description993,9930.00,1092,1002,13/09/2022,13/09/2022,PERFUSION
Medicament994,Description994,9940.00,1093,1003,14/10/2022,14/10/2022,VACCINS
Medicament995,Description995,9950.00,1094,1004,15/11/2022,15/11/2022,ANTISEPTIQUES
Medicament996,Description996,9960.00,1095,1005,16/12/2022,16/12/2022,DESINFECTANTS
Medicament997,Description997,9970.00,1096,1006,17/01/2022,17/01/2022,ORAUX
Medicament998,Description998,9980.00,1097,1007,18/02/2022,18/02/2022,INJECTABLES
Medicament999,Description999,9990.00,1098,1008,19/03/2022,19/03/2022,PERFUSION
Medicament1000,Description1000,10000.00,1099,1009,20/04/2022,20/04/2022,VACCINS
,,0.00,0,0,00/00/0000,00/00/0000,ORAUX
,,,,,,Valeur totale du stock : ,3833830144.00
