Nom,Description,Prix,Quantite,Seuil d'alerte,Date d'entree,Date de sortie,Type Medicament
Medicament1,Description1,710.00,48,20,14/10/2022,03/12/2022,INJECTABLES
Medicament2,Description2,881.00,12,5,13/08/2022,17/12/2022,VACCINS
Medicament3,Description3,63.00,100,12,26/09/2022,26/08/2022,ORAUX
Medicament4,Description4,612.00,64,16,28/04/2022,05/03/2022,ORAUX
Medicament5,Description5,144.00,62,14,10/08/2022,22/11/2022,INJECTABLES
Medicament6,Description6,564.00,28,11,04/06/2022,17/11/2022,VACCINS
Medicament7,Description7,849.00,34,18,16/12/2022,25/06/2022,ORAUX
Medicament8,Description8,333.00,29,19,01/03/2022,05/12/2022,VACCINS
Medicament9,Description9,646.00,71,3,22/11/2022,09/02/2022,INJECTABLES
Medicament10,Description10,670.00,5,13,23/12/2022,10/03/2022,ANTISEPTIQUES
Medicament11,Description11,813.00,67,2,01/07/2022,22/02/2022,ANTISEPTIQUES
Medicament12,Description12,333.00,69,19,19/08/2022,28/11/2022,INJECTABLES
Medicament13,Description13,32.00,69,17,18/11/2022,09/06/2022,INJECTABLES
Medicament14,Description14,218.00,91,2,14/12/2022,14/07/2022,INJECTABLES
Medicament15,Description15,630.00,94,4,27/11/2022,23/02/2022,VACCINS
Medicament16,Description16,469.00,16,1,09/10/2022,02/07/2022,INJECTABLES
Medicament17,Description17,941.00,59,15,22/02/2022,09/01/2022,ANTISEPTIQUES
Medicament18,Description18,956.00,88,16,09/04/2022,16/02/2022,PERFUSION
Medicament19,Description19,354.00,62,9,27/05/2022,03/11/2022,ANTISEPTIQUES
Medicament20,Description20,647.00,84,4,05/06/2022,25/02/2022,INJECTABLES
Medicament21,Description21,771.00,98,5,27/07/2022,23/04/2022,INJECTABLES
Medicament22,Description22,150.00,28,17,13/10/2022,12/11/2022,ORAUX
Medicament23,Description23,308.00,89,3,27/10/2022,03/11/2022,PERFUSION
Medicament24,Description24,606.00,54,14,25/02/2022,21/04/2022,INJECTABLES
Medicament25,Description25,576.00,13,12,18/12/2022,09/02/2022,INJECTABLES
Medicament26,Description26,687.00,61,5,10/06/2022,05/11/2022,INJECTABLES
Medicament27,Description27,130.00,94,6,15/10/2022,06/11/2022,ORAUX
Medicament28,Description28,497.00,78,16,04/12/2022,21/07/2022,PERFUSION
Medicament29,Description29,53.00,62,10,05/08/2022,21/02/2022,INJECTABLES
Medicament30,Description30,351.00,20,2,03/08/2022,01/11/2022,ANTISEPTIQUES
Medicament31,Description31,624.00,69,6,24/10/2022,18/08/2022,INJECTABLES
Medicament32,Description32,708.00,63,13,02/08/2022,11/01/2022,INJECTABLES
Medicament33,Description33,158.00,11,16,28/06/2022,21/09/2022,VACCINS
Medicament34,Description34,589.00,31,7,10/03/2022,20/11/2022,INJECTABLES
Medicament35,Description35,532.00,87,7,23/06/2022,04/02/2022,DESINFECTANTS
Medicament36,Description36,23.00,29,15,15/01/2022,27/09/2022,VACCINS
Medicament37,Description37,363.00,26,19,01/03/2022,13/09/2022,DESINFECTANTS
Medicament38,Description38,209.00,41,14,17/12/2022,17/08/2022,ANTISEPTIQUES
Medicament39,Description39,40.00,84,19,19/07/2022,23/08/2022,ORAUX
Medicament40,Description40,101.00,9,14,21/09/2022,09/06/2022,VACCINS
Medicament41,Description41,321.00,65,14,20/12/2022,27/11/2022,DESINFECTANTS
Medicament42,Description42,643.00,57,18,05/05/2022,28/06/2022,ANTISEPTIQUES
Medicament43,Description43,979.00,91,8,07/02/2022,01/09/2022,DESINFECTANTS
Medicament44,Description44,205.00,80,3,09/04/2022,14/06/2022,ORAUX
Medicament45,Description45,922.00,38,14,15/06/2022,02/02/2022,INJECTABLES
Medicament46,Description46,762.00,27,10,03/02/2022,06/03/2022,ORAUX
Medicament47,Description47,752.00,17,16,09/07/2022,09/07/2022,INJECTABLES
Medicament48,Description48,804.00,84,10,10/01/2022,19/12/2022,ANTISEPTIQUES
Medicament49,Description49,913.00,52,5,23/08/2022,28/10/2022,ORAUX
Medicament50,Description50,101.00,33,4,18/03/2022,21/06/2022,DESINFECTANTS
Medicament51,Description51,29.00,98,19,02/11/2022,08/03/2022,DESINFECTANTS
Medicament52,Description52,186.00,46,20,22/05/2022,11/11/2022,VACCINS
Medicament53,Description53,775.00,28,20,02/01/2022,26/10/2022,ANTISEPTIQUES
Medicament54,Description54,637.00,3,14,27/03/2022,17/09/2022,DESINFECTANTS
Medicament55,Description55,101.00,78,4,19/10/2022,24/10/2022,PERFUSION
Medicament56,Description56,553.00,86,2,15/10/2022,28/05/2022,VACCINS
Medicament57,Description57,73.00,10,12,07/03/2022,04/06/2022,PERFUSION
Medicament58,Description58,897.00,68,16,25/11/2022,16/08/2022,PERFUSION
Medicament59,Description59,927.00,46,12,02/02/2022,04/11/2022,ORAUX
Medicament60,Description60,369.00,67,16,28/05/2022,06/08/2022,DESINFECTANTS
Medicament61,Description61,591.00,1,5,17/10/2022,22/02/2022,DESINFECTANTS
Medicament62,Description62,1.00,83,17,21/01/2022,02/11/2022,PERFUSION
Medicament63,Description63,821.00,4,1,19/06/2022,17/11/2022,INJECTABLES
Medicament64,Description64,39.00,32,3,21/04/2022,11/04/2022,DESINFECTANTS
Medicament65,Description65,574.00,34,15,12/06/2022,20/09/2022,ANTISEPTIQUES
Medicament66,Description66,660.00,55,14,26/10/2022,22/12/2022,DESINFECTANTS
Medicament67,Description67,550.00,43,17,07/12/2022,26/11/2022,DESINFECTANTS
Medicament68,Description68,977.00,71,8,26/05/2022,12/12/2022,ANTISEPTIQUES
Medicament69,Description69,519.00,98,3,10/04/2022,23/11/2022,ANTISEPTIQUES
Medicament70,Description70,106.00,24,2,10/09/2022,23/06/2022,PERFUSION
Medicament71,Description71,516.00,21,13,20/12/2022,06/01/2022,PERFUSION
Medicament72,Description72,323.00,94,18,25/06/2022,15/05/2022,ANTISEPTIQUES
Medicament73,Description73,142.00,71,16,23/10/2022,22/07/2022,INJECTABLES
Medicament74,Description74,890.00,3,16,28/09/2022,16/03/2022,ORAUX
Medicament75,Description75,814.00,35,6,11/02/2022,13/11/2022,VACCINS
Medicament76,Description76,525.00,46,12,11/11/2022,27/10/2022,PERFUSION
Medicament77,Description77,596.00,64,11,18/06/2022,02/01/2022,PERFUSION
Medicament78,Description78,165.00,61,15,16/06/2022,01/03/2022,INJECTABLES
Medicament79,Description79,839.00,64,7,21/12/2022,02/07/2022,INJECTABLES
Medicament80,Description80,619.00,2,1,27/11/2022,19/10/2022,PERFUSION
Medicament81,Description81,630.00,50,17,06/04/2022,19/10/2022,VACCINS
Medicament82,Description82,441.00,57,13,27/05/2022,07/07/2022,VACCINS
Medicament83,Description83,765.00,62,16,19/10/2022,16/10/2022,DESINFECTANTS
Medicament84,Description84,468.00,54,13,27/07/2022,03/08/2022,INJECTABLES
Medicament85,Description85,228.00,3,1,10/05/2022,04/11/2022,INJECTABLES
Medicament86,Description86,136.00,38,13,04/04/2022,04/08/2022,ANTISEPTIQUES
Medicament87,Description87,44.00,88,1,02/08/2022,25/05/2022,ORAUX
Medicament88,Description88,699.00,25,11,25/04/2022,09/02/2022,ORAUX
Medicament89,Description89,962.00,78,12,01/04/2022,11/06/2022,ORAUX
Medicament90,Description90,70.00,70,1,08/03/2022,09/05/2022,INJECTABLES
Medicament91,Description91,681.00,26,17,23/07/2022,09/11/2022,ANTISEPTIQUES
Medicament92,Description92,977.00,41,10,24/09/2022,25/07/2022,VACCINS
Medicament93,Description93,130.00,81,11,23/08/2022,11/05/2022,VACCINS
Medicament94,Description94,894.00,97,17,22/10/2022,10/04/2022,ORAUX
Medicament95,Description95,855.00,48,20,24/04/2022,09/04/2022,INJECTABLES
Medicament96,Description96,449.00,11,6,20/04/2022,06/01/2022,VACCINS
Medicament97,Description97,920.00,2,9,18/12/2022,11/08/2022,VACCINS
Medicament98,Description98,238.00,26,18,16/04/2022,09/09/2022,ANTISEPTIQUES
Medicament99,Description99,621.00,83,6,25/04/2022,05/03/2022,VACCINS
Medicament100,Description100,122.00,56,18,05/09/2022,27/04/2022,VACCINS
Medicament101,Description101,348.00,15,6,02/06/2022,10/08/2022,INJECTABLES
Medicament102,Description102,486.00,81,7,24/01/2022,08/02/2022,ORAUX
Medicament103,Description103,253.00,42,17,12/06/2022,01/10/2022,DESINFECTANTS
Medicament104,Description104,201.00,14,16,09/10/2022,03/05/2022,DESINFECTANTS
Medicament105,Description105,316.00,70,13,05/05/2022,26/02/2022,VACCINS
Medicament106,Description106,733.00,8,3,23/05/2022,26/01/2022,ANTISEPTIQUES
Medicament107,Description107,838.00,11,2,14/12/2022,05/01/2022,DESINFECTANTS
Medicament108,Description108,884.00,57,14,01/09/2022,01/11/2022,ORAUX
Medicament109,Description109,200.00,77,3,11/04/2022,15/04/2022,ANTISEPTIQUES
Medicament110,Description110,372.00,58,17,10/10/2022,14/09/2022,DESINFECTANTS
Medicament111,Description111,884.00,32,9,15/07/2022,24/02/2022,ORAUX
Medicament112,Description112,360.00,55,13,17/08/2022,01/02/2022,INJECTABLES
Medicament113,Description113,708.00,63,17,12/12/2022,10/09/2022,PERFUSION
Medicament114,Description114,313.00,87,8,04/10/2022,20/06/2022,VACCINS
Medicament115,Description115,27.00,62,9,02/06/2022,05/04/2022,VACCINS
Medicament116,Description116,332.00,60,4,01/03/2022,09/07/2022,INJECTABLES
Medicament117,Description117,754.00,82,14,25/05/2022,15/08/2022,ORAUX
Medicament118,Description118,301.00,22,9,10/12/2022,10/08/2022,DESINFECTANTS
Medicament119,Description119,607.00,41,1,19/07/2022,22/03/2022,INJECTABLES
Medicament120,Description120,740.00,18,13,04/10/2022,16/05/2022,ORAUX
Medicament121,Description121,877.00,91,3,22/10/2022,26/09/2022,ORAUX
Medicament122,Description122,719.00,58,3,11/02/2022,28/04/2022,DESINFECTANTS
Medicament123,Description123,568.00,38,14,23/05/2022,23/06/2022,PERFUSION
Medicament124,Description124,872.00,82,13,28/01/2022,07/03/2022,ANTISEPTIQUES
Medicament125,Description125,6.00,21,1,23/12/2022,03/03/2022,DESINFECTANTS
Medicament126,Description126,631.00,81,2,16/01/2022,28/03/2022,VACCINS
Medicament127,Description127,910.00,52,2,27/03/2022,05/09/2022,PERFUSION
Medicament128,Description128,346.00,81,15,04/02/2022,07/08/2022,ANTISEPTIQUES
Medicament129,Description129,307.00,50,14,27/11/2022,27/11/2022,PERFUSION
Medicament130,Description130,83.00,28,11,05/05/2022,07/01/2022,INJECTABLES
Medicament131,Description131,401.00,43,18,05/08/2022,04/11/2022,VACCINS
Medicament132,Description132,187.00,92,1,25/11/2022,12/01/2022,ANTISEPTIQUES
Medicament133,Description133,899.00,24,20,12/02/2022,01/04/2022,ANTISEPTIQUES
Medicament134,Description134,733.00,29,9,10/12/2022,11/02/2022,ANTISEPTIQUES
Medicament135,Description135,379.00,64,13,06/05/2022,04/09/2022,INJECTABLES
Medicament136,Description136,390.00,40,3,06/09/2022,06/02/2022,ANTISEPTIQUES
Medicament137,Description137,900.00,93,1,21/10/2022,01/09/2022,VACCINS
Medicament138,Description138,179.00,55,12,27/07/2022,07/05/2022,DESINFECTANTS
Medicament139,Description139,884.00,15,3,26/07/2022,25/09/2022,DESINFECTANTS
Medicament140,Description140,723.00,51,1,20/10/2022,06/10/2022,PERFUSION
Medicament141,Description141,797.00,87,6,19/10/2022,28/02/2022,INJECTABLES
Medicament142,Description142,478.00,65,17,08/10/2022,09/08/2022,VACCINS
Medicament143,Description143,957.00,64,15,04/10/2022,11/01/2022,ANTISEPTIQUES
Medicament144,Description144,861.00,81,6,18/04/2022,25/07/2022,DESINFECTANTS
Medicament145,Description145,684.00,17,12,07/02/2022,14/03/2022,ORAUX
Medicament146,Description146,668.00,36,11,26/11/2022,15/02/2022,DESINFECTANTS
Medicament147,Description147,662.00,26,13,11/11/2022,18/05/2022,DESINFECTANTS
Medicament148,Description148,701.00,32,16,22/08/2022,13/11/2022,ANTISEPTIQUES
Medicament149,Description149,129.00,5,18,14/03/2022,02/11/2022,PERFUSION
Medicament150,Description150,478.00,33,6,04/07/2022,14/01/2022,PERFUSION
Medicament151,Description151,345.00,47,20,26/06/2022,19/09/2022,PERFUSION
Medicament152,Description152,685.00,33,1,06/03/2022,18/01/2022,INJECTABLES
Medicament153,Description153,297.00,68,8,26/09/2022,06/03/2022,DESINFECTANTS
Medicament154,Description154,42.00,72,18,23/04/2022,06/04/2022,ORAUX
Medicament155,Description155,612.00,38,17,28/05/2022,26/04/2022,PERFUSION
Medicament156,Description156,454.00,53,13,17/08/2022,11/04/2022,DESINFECTANTS
Medicament157,Description157,476.00,93,10,22/10/2022,21/05/2022,PERFUSION
Medicament158,Description158,34.00,75,4,06/04/2022,01/10/2022,ORAUX
Medicament159,Description159,250.00,84,15,21/03/2022,17/01/2022,INJECTABLES
Medicament160,Description160,522.00,68,13,15/08/2022,26/11/2022,INJECTABLES
Medicament161,Description161,927.00,30,3,01/08/2022,03/05/2022,ORAUX
Medicament162,Description162,571.00,31,13,22/05/2022,12/05/2022,PERFUSION
Medicament163,Description163,162.00,71,9,07/02/2022,12/02/2022,VACCINS
Medicament164,Description164,50.00,5,9,05/01/2022,04/04/2022,ANTISEPTIQUES
Medicament165,Description165,139.00,25,2,16/10/2022,12/07/2022,PERFUSION
Medicament166,Description166,80.00,34,13,16/03/2022,20/12/2022,PERFUSION
Medicament167,Description167,943.00,50,20,22/02/2022,23/08/2022,ANTISEPTIQUES
Medicament168,Description168,90.00,32,11,26/08/2022,06/01/2022,ANTISEPTIQUES
Medicament169,Description169,564.00,52,17,16/04/2022,13/03/2022,ANTISEPTIQUES
Medicament170,Description170,316.00,76,6,10/05/2022,10/01/2022,INJECTABLES
Medicament171,Description171,471.00,95,14,13/07/2022,09/09/2022,INJECTABLES
Medicament172,Description172,936.00,87,2,03/07/2022,05/10/2022,PERFUSION
Medicament173,Description173,531.00,25,8,24/06/2022,25/03/2022,VACCINS
Medicament174,Description174,963.00,11,6,18/04/2022,03/09/2022,VACCINS
Medicament175,Description175,52.00,20,15,22/07/2022,25/07/2022,VACCINS
Medicament176,Description176,105.00,2,16,28/11/2022,23/01/2022,DESINFECTANTS
Medicament177,Description177,477.00,55,11,01/05/2022,17/01/2022,VACCINS
Medicament178,Description178,306.00,30,9,19/07/2022,25/07/2022,DESINFECTANTS
Medicament179,Description179,598.00,95,16,06/02/2022,04/10/2022,ANTISEPTIQUES
Medicament180,Description180,644.00,23,5,16/03/2022,16/08/2022,DESINFECTANTS
Medicament181,Description181,514.00,96,17,13/11/2022,14/03/2022,VACCINS
Medicament182,Description182,90.00,30,16,02/05/2022,04/04/2022,PERFUSION
Medicament183,Description183,191.00,93,7,11/12/2022,20/05/2022,VACCINS
Medicament184,Description184,229.00,54,9,17/04/2022,10/10/2022,VACCINS
Medicament185,Description185,854.00,85,2,23/05/2022,02/12/2022,ANTISEPTIQUES
Medicament186,Description186,553.00,4,3,18/10/2022,14/05/2022,PERFUSION
Medicament187,Description187,757.00,31,16,20/10/2022,16/09/2022,DESINFECTANTS
Medicament188,Description188,275.00,70,18,26/07/2022,17/11/2022,VACCINS
Medicament189,Description189,875.00,49,10,07/12/2022,22/06/2022,ANTISEPTIQUES
Medicament190,Description190,473.00,68,3,16/02/2022,23/03/2022,INJECTABLES
Medicament191,Description191,828.00,32,12,28/05/2022,06/05/2022,ANTISEPTIQUES
Medicament192,Description192,82.00,22,4,03/05/2022,16/08/2022,ORAUX
Medicament193,Description193,893.00,42,11,27/10/2022,18/06/2022,PERFUSION
Medicament194,Description194,463.00,53,5,24/12/2022,18/06/2022,PERFUSION
Medicament195,Description195,561.00,36,12,16/01/2022,19/05/2022,ANTISEPTIQUES
Medicament196,Description196,746.00,41,7,17/02/2022,09/12/2022,PERFUSION
Medicament197,Description197,652.00,34,3,10/08/2022,03/10/2022,ANTISEPTIQUES
Medicament198,Description198,141.00,82,10,10/09/2022,11/04/2022,INJECTABLES
Medicament199,Description199,536.00,16,10,28/04/2022,27/07/2022,VACCINS
Medicament200,Description200,189.00,31,16,11/02/2022,09/09/2022,PERFUSION
Medicament201,Description201,902.00,47,3,24/11/2022,13/04/2022,PERFUSION
Medicament202,Description202,617.00,87,13,10/07/2022,19/03/2022,PERFUSION
Medicament203,Description203,967.00,80,9,14/01/2022,06/08/2022,PERFUSION
Medicament204,Description204,965.00,69,20,14/03/2022,10/03/2022,ANTISEPTIQUES
Medicament205,Description205,235.00,68,14,24/07/2022,19/08/2022,ORAUX
Medicament206,Description206,388.00,42,8,21/02/2022,27/10/2022,DESINFECTANTS
Medicament207,Description207,776.00,44,19,19/05/2022,16/04/2022,PERFUSION
Medicament208,Description208,388.00,21,20,26/06/2022,12/12/2022,INJECTABLES
Medicament209,Description209,855.00,38,8,01/05/2022,06/06/2022,INJECTABLES
Medicament210,Description210,947.00,83,3,25/02/2022,12/01/2022,ANTISEPTIQUES
Medicament211,Description211,451.00,60,2,28/01/2022,06/02/2022,ORAUX
Medicament212,Description212,851.00,68,11,06/10/2022,09/10/2022,ANTISEPTIQUES
Medicament213,Description213,379.00,31,4,11/07/2022,01/05/2022,VACCINS
Medicament214,Description214,177.00,89,7,08/06/2022,16/08/2022,ORAUX
Medicament215,Description215,234.00,88,9,14/10/2022,02/05/2022,ANTISEPTIQUES
Medicament216,Description216,684.00,46,15,08/11/2022,04/09/2022,ORAUX
Medicament217,Description217,565.00,95,6,15/07/2022,18/09/2022,ORAUX
Medicament218,Description218,683.00,26,8,26/11/2022,04/12/2022,ANTISEPTIQUES
Medicament219,Description219,332.00,36,19,27/12/2022,03/02/2022,PERFUSION
Medicament220,Description220,967.00,97,17,11/04/2022,05/03/2022,PERFUSION
Medicament221,Description221,459.00,94,17,10/04/2022,16/02/2022,INJECTABLES
Medicament222,Description222,3.00,31,12,23/11/2022,24/09/2022,ORAUX
Medicament223,Description223,139.00,32,15,15/12/2022,07/11/2022,DESINFECTANTS
Medicament224,Description224,585.00,71,20,20/06/2022,11/02/2022,DESINFECTANTS
Medicament225,Description225,164.00,39,10,02/01/2022,11/03/2022,ORAUX
Medicament226,Description226,670.00,33,10,06/03/2022,07/09/2022,INJECTABLES
Medicament227,Description227,869.00,21,14,23/02/2022,11/02/2022,VACCINS
Medicament228,Description228,616.00,59,10,25/06/2022,01/01/2022,ORAUX
Medicament229,Description229,871.00,84,3,07/03/2022,11/04/2022,ORAUX
Medicament230,Description230,686.00,9,12,13/02/2022,28/08/2022,PERFUSION
Medicament231,Description231,206.00,95,11,05/11/2022,22/04/2022,VACCINS
Medicament232,Description232,656.00,96,15,21/03/2022,15/06/2022,PERFUSION
Medicament233,Description233,817.00,91,9,11/03/2022,25/04/2022,PERFUSION
Medicament234,Description234,705.00,53,1,14/11/2022,06/07/2022,ORAUX
Medicament235,Description235,588.00,49,6,02/11/2022,27/11/2022,VACCINS
Medicament236,Description236,169.00,54,19,25/02/2022,22/05/2022,DESINFECTANTS
Medicament237,Description237,52.00,79,11,03/02/2022,09/03/2022,VACCINS
Medicament238,Description238,231.00,24,8,23/11/2022,09/01/2022,INJECTABLES
Medicament239,Description239,354.00,65,15,02/08/2022,11/04/2022,PERFUSION
Medicament240,Description240,695.00,27,9,08/08/2022,15/08/2022,ANTISEPTIQUES
Medicament241,Description241,971.00,9,9,08/03/2022,06/10/2022,INJECTABLES
Medicament242,Description242,392.00,86,10,27/12/2022,02/04/2022,ORAUX
Medicament243,Description243,918.00,65,16,28/02/2022,08/05/2022,DESINFECTANTS
Medicament244,Description244,393.00,19,7,20/12/2022,20/10/2022,VACCINS
Medicament245,Description245,423.00,99,9,14/01/2022,21/02/2022,DESINFECTANTS
Medicament246,Description246,700.00,2,12,15/03/2022,11/09/2022,ORAUX
Medicament247,Description247,411.00,54,14,04/06/2022,16/12/2022,PERFUSION
Medicament248,Description248,210.00,60,15,12/10/2022,01/05/2022,VACCINS
Medicament249,Description249,524.00,72,14,05/06/2022,02/01/2022,PERFUSION
Medicament250,Description250,481.00,63,3,11/03/2022,28/08/2022,INJECTABLES
Medicament251,Description251,976.00,93,4,07/11/2022,14/06/2022,DESINFECTANTS
Medicament252,Description252,851.00,83,17,08/09/2022,04/04/2022,ANTISEPTIQUES
Medicament253,Description253,100.00,15,20,23/01/2022,01/09/2022,ANTISEPTIQUES
Medicament254,Description254,992.00,52,18,26/12/2022,04/09/2022,ANTISEPTIQUES
Medicament255,Description255,367.00,69,10,03/04/2022,08/05/2022,INJECTABLES
Medicament256,Description256,135.00,25,17,12/10/2022,01/05/2022,DESINFECTANTS
Medicament257,Description257,84.00,88,9,20/05/2022,11/10/2022,ORAUX
Medicament258,Description258,416.00,23,16,01/09/2022,10/01/2022,DESINFECTANTS
Medicament259,Description259,974.00,26,8,24/11/2022,07/07/2022,ANTISEPTIQUES
Medicament260,Description260,693.00,35,10,17/02/2022,04/11/2022,ORAUX
Medicament261,Description261,147.00,58,2,06/08/2022,15/01/2022,PERFUSION
Medicament262,Description262,562.00,29,11,24/10/2022,28/06/2022,INJECTABLES
Medicament263,Description263,545.00,34,16,12/07/2022,26/09/2022,ORAUX
Medicament264,Description264,610.00,35,19,18/04/2022,26/05/2022,PERFUSION
Medicament265,Description265,902.00,15,19,20/08/2022,17/04/2022,VACCINS
Medicament266,Description266,820.00,89,19,15/11/2022,07/03/2022,DESINFECTANTS
Medicament267,Description267,471.00,99,19,07/07/2022,24/04/2022,ORAUX
Medicament268,Description268,757.00,81,8,13/04/2022,08/05/2022,ANTISEPTIQUES
Medicament269,Description269,46.00,34,3,19/10/2022,15/06/2022,VACCINS
Medicament270,Description270,822.00,68,16,14/03/2022,09/05/2022,PERFUSION
Medicament271,Description271,857.00,25,5,12/09/2022,10/08/2022,ANTISEPTIQUES
Medicament272,Description272,321.00,54,15,23/10/2022,28/06/2022,DESINFECTANTS
Medicament273,Description273,127.00,92,5,17/10/2022,02/09/2022,PERFUSION
Medicament274,Description274,360.00,88,19,26/10/2022,06/05/2022,VACCINS
Medicament275,Description275,846.00,34,17,18/05/2022,26/08/2022,INJECTABLES
Medicament276,Description276,958.00,44,4,15/09/2022,13/11/2022,ANTISEPTIQUES
Medicament277,Description277,347.00,11,6,20/08/2022,09/07/2022,ORAUX
Medicament278,Description278,698.00,46,14,26/03/2022,16/03/2022,ORAUX
Medicament279,Description279,41.00,65,10,04/03/2022,10/06/2022,VACCINS
Medicament280,Description280,352.00,96,19,07/04/2022,27/06/2022,VACCINS
Medicament281,Description281,749.00,71,9,13/06/2022,15/12/2022,DESINFECTANTS
Medicament282,Description282,609.00,90,11,19/03/2022,03/05/2022,DESINFECTANTS
Medicament283,Description283,17.00,22,1,02/04/2022,17/05/2022,ANTISEPTIQUES
Medicament284,Description284,558.00,91,6,22/09/2022,05/06/2022,PERFUSION
Medicament285,Description285,983.00,80,17,11/07/2022,16/04/2022,PERFUSION
Medicament286,Description286,497.00,35,6,17/12/2022,01/02/2022,ANTISEPTIQUES
Medicament287,Description287,544.00,78,8,13/05/2022,01/03/2022,DESINFECTANTS
Medicament288,Description288,292.00,82,4,17/09/2022,26/01/2022,INJECTABLES
Medicament289,Description289,613.00,9,18,07/02/2022,12/01/2022,PERFUSION
Medicament290,Description290,382.00,60,20,23/07/2022,15/03/2022,DESINFECTANTS
Medicament291,Description291,149.00,4,20,19/10/2022,23/11/2022,INJECTABLES
Medicament292,Description292,322.00,98,11,06/05/2022,16/10/2022,VACCINS
Medicament293,Description293,911.00,20,9,07/05/2022,19/05/2022,ORAUX
Medicament294,Description294,538.00,44,8,15/10/2022,18/05/2022,DESINFECTANTS
Medicament295,Description295,834.00,65,12,05/09/2022,27/09/2022,ANTISEPTIQUES
Medicament296,Description296,555.00,72,4,20/08/2022,28/05/2022,PERFUSION
Medicament297,Description297,59.00,31,7,16/11/2022,18/02/2022,ANTISEPTIQUES
Medicament298,Description298,282.00,27,13,27/10/2022,23/05/2022,DESINFECTANTS
Medicament299,Description299,599.00,8,16,11/09/2022,21/09/2022,ANTISEPTIQUES
Medicament300,Description300,855.00,74,10,16/10/2022,24/06/2022,INJECTABLES
Medicament301,Description301,129.00,65,18,02/10/2022,01/05/2022,ORAUX
Medicament302,Description302,641.00,7,10,21/07/2022,24/02/2022,VACCINS
Medicament303,Description303,813.00,22,19,20/03/2022,05/06/2022,PERFUSION
Medicament304,Description304,18.00,60,10,18/06/2022,23/01/2022,ORAUX
Medicament305,Description305,709.00,99,8,20/02/2022,03/04/2022,PERFUSION
Medicament306,Description306,419.00,47,17,09/03/2022,20/11/2022,INJECTABLES
Medicament307,Description307,931.00,44,5,07/08/2022,08/09/2022,PERFUSION
Medicament308,Description308,618.00,96,2,02/02/2022,17/09/2022,ORAUX
Medicament309,Description309,848.00,87,7,13/04/2022,21/03/2022,ANTISEPTIQUES
Medicament310,Description310,595.00,80,9,01/03/2022,27/03/2022,INJECTABLES
Medicament311,Description311,828.00,76,2,18/09/2022,01/04/2022,DESINFECTANTS
Medicament312,Description312,37.00,71,1,19/06/2022,08/08/2022,ORAUX
Medicament313,Description313,872.00,97,3,04/03/2022,24/06/2022,VACCINS
Medicament314,Description314,349.00,95,17,08/09/2022,16/03/2022,ORAUX
Medicament315,Description315,631.00,28,5,27/02/2022,17/12/2022,ANTISEPTIQUES
Medicament316,Description316,640.00,69,20,04/08/2022,24/01/2022,INJECTABLES
Medicament317,Description317,515.00,77,10,28/03/2022,02/01/2022,ORAUX
Medicament318,Description318,421.00,72,10,04/07/2022,09/04/2022,ORAUX
Medicament319,Description319,87.00,47,18,14/11/2022,02/07/2022,INJECTABLES
Medicament320,Description320,929.00,21,20,18/11/2022,24/11/2022,INJECTABLES
Medicament321,Description321,632.00,34,3,21/05/2022,01/04/2022,DESINFECTANTS
Medicament322,Description322,791.00,95,16,10/11/2022,26/05/2022,PERFUSION
Medicament323,Description323,49.00,86,20,25/02/2022,12/06/2022,VACCINS
Medicament324,Description324,302.00,23,10,07/03/2022,19/07/2022,ANTISEPTIQUES
Medicament325,Description325,750.00,22,15,10/08/2022,16/05/2022,INJECTABLES
Medicament326,Description326,692.00,73,6,02/01/2022,02/05/2022,ORAUX
Medicament327,Description327,432.00,68,11,24/11/2022,19/12/2022,VACCINS
Medicament328,Description328,76.00,16,18,10/07/2022,04/06/2022,DESINFECTANTS
Medicament329,Description329,882.00,40,19,26/07/2022,03/12/2022,PERFUSION
Medicament330,Description330,100.00,51,1,24/01/2022,09/04/2022,DESINFECTANTS
Medicament331,Description331,340.00,42,11,10/07/2022,27/05/2022,VACCINS
Medicament332,Description332,905.00,37,1,04/03/2022,26/08/2022,VACCINS
Medicament333,Description333,597.00,80,13,03/05/2022,15/10/2022,ANTISEPTIQUES
Medicament334,Description334,782.00,51,17,13/05/2022,28/05/2022,ORAUX
Medicament335,Description335,526.00,64,12,02/10/2022,09/08/2022,ANTISEPTIQUES
Medicament336,Description336,82.00,80,3,13/10/2022,21/06/2022,INJECTABLES
Medicament337,Description337,252.00,90,19,21/07/2022,28/10/2022,INJECTABLES
Medicament338,Description338,521.00,9,17,04/03/2022,09/02/2022,ORAUX
Medicament339,Description339,21.00,86,16,06/05/2022,27/10/2022,ANTISEPTIQUES
Medicament340,Description340,294.00,10,5,21/05/2022,07/05/2022,ANTISEPTIQUES
Medicament341,Description341,399.00,40,6,11/01/2022,10/06/2022,DESINFECTANTS
Medicament342,Description342,967.00,12,10,13/05/2022,08/08/2022,INJECTABLES
Medicament343,Description343,325.00,64,13,23/04/2022,07/09/2022,ANTISEPTIQUES
Medicament344,Description344,345.00,83,20,07/10/2022,03/04/2022,ANTISEPTIQUES
Medicament345,Description345,139.00,39,20,09/06/2022,13/04/2022,DESINFECTANTS
Medicament346,Description346,133.00,86,15,13/07/2022,03/06/2022,DESINFECTANTS
Medicament347,Description347,379.00,34,16,26/09/2022,08/02/2022,VACCINS
Medicament348,Description348,498.00,50,20,02/07/2022,26/06/2022,VACCINS
Medicament349,Description349,648.00,10,3,17/04/2022,13/11/2022,ORAUX
Medicament350,Description350,516.00,32,8,20/09/2022,19/03/2022,ORAUX
Medicament351,Description351,794.00,77,10,17/07/2022,20/03/2022,DESINFECTANTS
Medicament352,Description352,301.00,70,6,11/08/2022,09/02/2022,INJECTABLES
Medicament353,Description353,563.00,84,7,26/05/2022,14/05/2022,ORAUX
Medicament354,Description354,787.00,100,14,17/11/2022,16/09/2022,PERFUSION
Medicament355,Description355,178.00,24,19,21/04/2022,25/09/2022,DESINFECTANTS
Medicament356,Description356,210.00,6,18,04/08/2022,20/05/2022,DESINFECTANTS
Medicament357,Description357,629.00,29,8,08/08/2022,08/12/2022,PERFUSION
Medicament358,Description358,330.00,16,5,26/03/2022,05/03/2022,ORAUX
Medicament359,Description359,387.00,11,6,14/11/2022,24/06/2022,VACCINS
Medicament360,Description360,444.00,26,10,12/09/2022,02/12/2022,ANTISEPTIQUES
Medicament361,Description361,42.00,52,2,01/04/2022,28/02/2022,ORAUX
Medicament362,Description362,360.00,26,19,13/10/2022,17/12/2022,DESINFECTANTS
Medicament363,Description363,446.00,44,2,10/11/2022,17/05/2022,DESINFECTANTS
Medicament364,Description364,266.00,63,13,05/03/2022,15/11/2022,VACCINS
Medicament365,Description365,363.00,12,11,14/04/2022,14/11/2022,ANTISEPTIQUES
Medicament366,Description366,191.00,66,14,08/07/2022,07/01/2022,ORAUX
Medicament367,Description367,756.00,45,20,02/02/2022,01/02/2022,PERFUSION
Medicament368,Description368,498.00,3,5,04/09/2022,12/03/2022,PERFUSION
Medicament369,Description369,909.00,74,13,04/10/2022,22/03/2022,PERFUSION
Medicament370,Description370,3.00,69,5,23/06/2022,24/11/2022,PERFUSION
Medicament371,Description371,813.00,68,11,23/03/2022,02/02/2022,ORAUX
Medicament372,Description372,825.00,38,13,16/04/2022,07/05/2022,INJECTABLES
Medicament373,Description373,159.00,89,13,28/08/2022,15/01/2022,ORAUX
Medicament374,Description374,238.00,70,16,13/11/2022,20/10/2022,PERFUSION
Medicament375,Description375,235.00,15,15,06/01/2022,26/01/2022,ORAUX
Medicament376,Description376,668.00,50,12,24/10/2022,09/09/2022,PERFUSION
Medicament377,Description377,648.00,38,5,08/02/2022,26/05/2022,VACCINS
Medicament378,Description378,7.00,56,3,02/01/2022,24/03/2022,ORAUX
Medicament379,Description379,436.00,8,14,08/05/2022,12/03/2022,ANTISEPTIQUES
Medicament380,Description380,683.00,12,13,08/04/2022,17/08/2022,ANTISEPTIQUES
Medicament381,Description381,23.00,100,18,27/10/2022,04/03/2022,PERFUSION
Medicament382,Description382,454.00,38,7,23/07/2022,07/03/2022,INJECTABLES
Medicament383,Description383,316.00,54,18,19/12/2022,14/01/2022,PERFUSION
Medicament384,Description384,816.00,42,4,20/01/2022,12/10/2022,ORAUX
Medicament385,Description385,520.00,25,7,20/10/2022,19/02/2022,DESINFECTANTS
Medicament386,Description386,898.00,27,6,08/06/2022,04/02/2022,INJECTABLES
Medicament387,Description387,728.00,50,5,15/06/2022,06/03/2022,VACCINS
Medicament388,Description388,844.00,55,3,14/01/2022,07/05/2022,DESINFECTANTS
Medicament389,Description389,598.00,24,20,08/06/2022,17/06/2022,ORAUX
Medicament390,Description390,763.00,58,9,26/01/2022,21/06/2022,PERFUSION
Medicament391,Description391,292.00,7,19,06/01/2022,25/12/2022,PERFUSION
Medicament392,Description392,243.00,42,18,19/10/2022,19/03/2022,VACCINS
Medicament393,Description393,364.00,33,20,28/11/2022,14/06/2022,INJECTABLES
Medicament394,Description394,304.00,66,17,03/03/2022,04/05/2022,VACCINS
Medicament395,Description395,517.00,46,12,17/08/2022,27/03/2022,PERFUSION
Medicament396,Description396,915.00,55,18,05/07/2022,13/08/2022,INJECTABLES
Medicament397,Description397,490.00,36,20,15/01/2022,05/03/2022,INJECTABLES
Medicament398,Description398,963.00,63,4,04/09/2022,13/02/2022,ANTISEPTIQUES
Medicament399,Description399,576.00,43,12,24/12/2022,21/10/2022,VACCINS
Medicament400,Description400,328.00,31,8,28/03/2022,10/02/2022,PERFUSION
Medicament401,Description401,214.00,78,14,22/06/2022,03/11/2022,ORAUX
Medicament402,Description402,280.00,40,19,22/01/2022,09/08/2022,ORAUX
Medicament403,Description403,922.00,18,13,14/06/2022,13/06/2022,ANTISEPTIQUES
Medicament404,Description404,899.00,16,7,20/02/2022,13/11/2022,INJECTABLES
Medicament405,Description405,905.00,46,11,11/08/2022,04/11/2022,ANTISEPTIQUES
Medicament406,Description406,985.00,95,3,05/12/2022,26/01/2022,PERFUSION
Medicament407,Description407,646.00,39,20,07/11/2022,26/12/2022,VACCINS
Medicament408,Description408,319.00,71,5,20/01/2022,28/11/2022,INJECTABLES
Medicament409,Description409,182.00,81,5,25/03/2022,08/05/2022,VACCINS
Medicament410,Description410,869.00,76,4,28/01/2022,04/05/2022,PERFUSION
Medicament411,Description411,826.00,6,16,28/11/2022,17/11/2022,ORAUX
Medicament412,Description412,59.00,89,15,07/05/2022,19/11/2022,DESINFECTANTS
Medicament413,Description413,590.00,50,13,27/01/2022,27/10/2022,ANTISEPTIQUES
Medicament414,Description414,988.00,94,7,27/12/2022,17/09/2022,ORAUX
Medicament415,Description415,682.00,80,17,18/02/2022,04/08/2022,DESINFECTANTS
Medicament416,Description416,499.00,99,20,14/05/2022,17/07/2022,DESINFECTANTS
Medicament417,Description417,463.00,44,14,25/12/2022,01/02/2022,VACCINS
Medicament418,Description418,732.00,12,10,28/08/2022,10/01/2022,PERFUSION
Medicament419,Description419,667.00,48,19,23/06/2022,27/04/2022,VACCINS
Medicament420,Description420,318.00,98,14,27/05/2022,09/05/2022,PERFUSION
Medicament421,Description421,624.00,39,20,02/12/2022,27/03/2022,DESINFECTANTS
Medicament422,Description422,528.00,66,19,14/05/2022,20/10/2022,INJECTABLES
Medicament423,Description423,425.00,23,8,12/03/2022,15/09/2022,VACCINS
Medicament424,Description424,977.00,24,16,09/03/2022,05/04/2022,INJECTABLES
Medicament425,Description425,518.00,98,18,20/03/2022,04/02/2022,INJECTABLES
Medicament426,Description426,788.00,5,1,01/07/2022,05/04/2022,ORAUX
Medicament427,Description427,538.00,61,10,02/06/2022,25/01/2022,ORAUX
Medicament428,Description428,674.00,37,5,18/09/2022,22/10/2022,DESINFECTANTS
Medicament429,Description429,659.00,16,17,07/07/2022,12/02/2022,VACCINS
Medicament430,Description430,810.00,43,19,01/09/2022,20/04/2022,ORAUX
Medicament431,Description431,745.00,53,11,13/11/2022,13/02/2022,ORAUX
Medicament432,Description432,23.00,54,4,07/09/2022,15/02/2022,ORAUX
Medicament433,Description433,89.00,10,2,18/07/2022,21/03/2022,VACCINS
Medicament434,Description434,688.00,12,10,14/11/2022,28/07/2022,ANTISEPTIQUES
Medicament435,Description435,508.00,9,10,23/03/2022,28/09/2022,DESINFECTANTS
Medicament436,Description436,821.00,29,2,24/04/2022,14/06/2022,ORAUX
Medicament437,Description437,491.00,99,12,16/09/2022,01/08/2022,INJECTABLES
Medicament438,Description438,863.00,14,3,17/04/2022,22/10/2022,DESINFECTANTS
Medicament439,Description439,726.00,91,5,22/06/2022,01/11/2022,PERFUSION
Medicament440,Description440,225.00,31,8,01/08/2022,22/02/2022,INJECTABLES
Medicament441,Description441,605.00,8,20,05/01/2022,14/01/2022,ANTISEPTIQUES
Medicament442,Description442,766.00,38,3,01/01/2022,14/09/2022,PERFUSION
Medicament443,Description443,30.00,69,1,02/02/2022,13/10/2022,ANTISEPTIQUES
Medicament444,Description444,714.00,29,14,06/10/2022,19/08/2022,DESINFECTANTS
Medicament445,Description445,223.00,81,15,18/02/2022,18/05/2022,VACCINS
Medicament446,Description446,557.00,57,1,12/08/2022,10/08/2022,VACCINS
Medicament447,Description447,77.00,10,4,04/10/2022,15/05/2022,ORAUX
Medicament448,Description448,756.00,87,5,16/08/2022,20/10/2022,ANTISEPTIQUES
Medicament449,Description449,502.00,74,16,12/04/2022,19/05/2022,DESINFECTANTS
Medicament450,Description450,586.00,76,4,04/10/2022,27/08/2022,PERFUSION
Medicament451,Description451,188.00,55,20,06/11/2022,05/04/2022,PERFUSION
Medicament452,Description452,127.00,80,9,05/12/2022,12/11/2022,ORAUX
Medicament453,Description453,291.00,58,19,18/12/2022,20/04/2022,DESINFECTANTS
Medicament454,Description454,239.00,24,6,06/05/2022,06/03/2022,ANTISEPTIQUES
Medicament455,Description455,148.00,71,1,24/11/2022,04/05/2022,ORAUX
Medicament456,Description456,998.00,44,12,20/07/2022,06/06/2022,PERFUSION
Medicament457,Description457,330.00,76,3,15/12/2022,06/05/2022,ANTISEPTIQUES
Medicament458,Description458,50.00,59,10,06/06/2022,12/08/2022,DESINFECTANTS
Medicament459,Description459,412.00,84,6,05/01/2022,28/02/2022,DESINFECTANTS
Medicament460,Description460,57.00,81,13,27/03/2022,26/09/2022,INJECTABLES
Medicament461,Description461,628.00,96,4,05/06/2022,04/12/2022,ORAUX
Medicament462,Description462,596.00,48,3,13/09/2022,14/04/2022,PERFUSION
Medicament463,Description463,335.00,20,5,16/03/2022,18/09/2022,VACCINS
Medicament464,Description464,948.00,75,10,15/02/2022,09/11/2022,INJECTABLES
Medicament465,Description465,533.00,67,14,16/09/2022,19/01/2022,DESINFECTANTS
Medicament466,Description466,179.00,67,7,18/12/2022,26/12/2022,INJECTABLES
Medicament467,Description467,955.00,68,11,27/04/2022,24/02/2022,ORAUX
Medicament468,Description468,45.00,44,15,04/09/2022,12/03/2022,INJECTABLES
Medicament469,Description469,463.00,24,9,04/04/2022,03/04/2022,INJECTABLES
Medicament470,Description470,448.00,3,16,05/08/2022,08/04/2022,INJECTABLES
Medicament471,Description471,796.00,12,4,20/06/2022,01/05/2022,DESINFECTANTS
Medicament472,Description472,162.00,29,16,22/09/2022,02/03/2022,ANTISEPTIQUES
Medicament473,Description473,165.00,8,6,06/01/2022,24/07/2022,VACCINS
Medicament474,Description474,898.00,83,15,07/04/2022,06/01/2022,PERFUSION
Medicament475,Description475,70.00,80,13,22/02/2022,18/05/2022,DESINFECTANTS
Medicament476,Description476,280.00,94,11,25/09/2022,10/10/2022,ANTISEPTIQUES
Medicament477,Description477,641.00,27,4,11/11/2022,02/11/2022,ANTISEPTIQUES
Medicament478,Description478,145.00,29,8,28/11/2022,21/08/2022,ANTISEPTIQUES
Medicament479,Description479,302.00,45,5,24/11/2022,10/02/2022,INJECTABLES
Medicament480,Description480,309.00,38,3,02/02/2022,14/10/2022,DESINFECTANTS
Medicament481,Description481,599.00,100,1,14/01/2022,09/12/2022,INJECTABLES
Medicament482,Description482,67.00,54,11,08/10/2022,26/01/2022,VACCINS
Medicament483,Description483,794.00,18,16,11/10/2022,27/08/2022,INJECTABLES
Medicament484,Description484,383.00,60,10,08/06/2022,26/02/2022,PERFUSION
Medicament485,Description485,799.00,46,13,01/05/2022,10/08/2022,DESINFECTANTS
Medicament486,Description486,130.00,100,6,23/08/2022,13/05/2022,ANTISEPTIQUES
Medicament487,Description487,508.00,52,8,27/04/2022,14/09/2022,INJECTABLES
Medicament488,Description488,43.00,31,4,04/06/2022,22/05/2022,PERFUSION
Medicament489,Description489,471.00,81,19,24/10/2022,08/03/2022,DESINFECTANTS
Medicament490,Description490,412.00,58,8,01/01/2022,13/05/2022,ORAUX
Medicament491,Description491,356.00,27,14,18/02/2022,23/11/2022,ANTISEPTIQUES
Medicament492,Description492,887.00,12,6,24/04/2022,15/05/2022,PERFUSION
Medicament493,Description493,615.00,73,3,09/06/2022,04/06/2022,DESINFECTANTS
Medicament494,Description494,498.00,12,8,22/04/2022,18/01/2022,ANTISEPTIQUES
Medicament495,Description495,571.00,2,10,05/04/2022,23/03/2022,DESINFECTANTS
Medicament496,Description496,16.00,47,13,12/06/2022,22/02/2022,INJECTABLES
Medicament497,Description497,467.00,55,5,09/09/2022,25/12/2022,DESINFECTANTS
Medicament498,Description498,90.00,32,4,10/12/2022,18/01/2022,ANTISEPTIQUES
Medicament499,Description499,192.00,35,18,13/04/2022,24/12/2022,INJECTABLES
Medicament500,Description500,877.00,49,12,16/05/2022,18/05/2022,ORAUX
Medicament501,Description501,212.00,46,4,09/12/2022,21/03/2022,ORAUX
Medicament502,Description502,933.00,54,11,18/03/2022,09/11/2022,DESINFECTANTS
Medicament503,Description503,326.00,56,19,03/04/2022,05/06/2022,VACCINS
Medicament504,Description504,594.00,49,5,12/02/2022,13/05/2022,DESINFECTANTS
Medicament505,Description505,727.00,52,4,10/06/2022,02/05/2022,PERFUSION
Medicament506,Description506,9.00,33,15,10/06/2022,05/07/2022,PERFUSION
Medicament507,Description507,124.00,47,17,21/11/2022,03/07/2022,ORAUX
Medicament508,Description508,542.00,66,8,28/08/2022,26/09/2022,ORAUX
Medicament509,Description509,485.00,78,9,07/10/2022,26/01/2022,INJECTABLES
Medicament510,Description510,192.00,36,8,25/06/2022,26/02/2022,ANTISEPTIQUES
Medicament511,Description511,468.00,36,2,19/01/2022,05/02/2022,INJECTABLES
Medicament512,Description512,101.00,58,11,25/04/2022,06/07/2022,INJECTABLES
Medicament513,Description513,329.00,91,1,25/03/2022,23/05/2022,DESINFECTANTS
Medicament514,Description514,703.00,66,11,16/06/2022,18/03/2022,INJECTABLES
Medicament515,Description515,373.00,5,19,14/05/2022,09/02/2022,PERFUSION
Medicament516,Description516,887.00,83,12,02/08/2022,02/06/2022,INJECTABLES
Medicament517,Description517,733.00,54,18,06/03/2022,16/07/2022,DESINFECTANTS
Medicament518,Description518,817.00,79,3,16/03/2022,07/09/2022,ORAUX
Medicament519,Description519,98.00,81,7,24/10/2022,20/12/2022,VACCINS
Medicament520,Description520,231.00,24,14,27/09/2022,27/02/2022,PERFUSION
Medicament521,Description521,766.00,79,14,23/05/2022,14/05/2022,PERFUSION
Medicament522,Description522,881.00,20,8,19/03/2022,13/11/2022,ANTISEPTIQUES
Medicament523,Description523,736.00,22,13,26/04/2022,06/10/2022,DESINFECTANTS
Medicament524,Description524,373.00,68,1,18/05/2022,03/07/2022,VACCINS
Medicament525,Description525,379.00,58,6,28/04/2022,20/03/2022,ANTISEPTIQUES
Medicament526,Description526,611.00,46,19,07/06/2022,08/07/2022,VACCINS
Medicament527,Description527,827.00,45,2,21/11/2022,16/09/2022,INJECTABLES
Medicament528,Description528,828.00,8,17,16/01/2022,09/06/2022,ORAUX
Medicament529,Description529,194.00,36,3,12/01/2022,24/09/2022,PERFUSION
Medicament530,Description530,604.00,52,15,11/12/2022,04/12/2022,VACCINS
Medicament531,Description531,66.00,38,13,21/08/2022,08/04/2022,ANTISEPTIQUES
Medicament532,Description532,5.00,45,11,17/04/2022,21/08/2022,ANTISEPTIQUES
Medicament533,Description533,747.00,72,11,09/01/2022,15/06/2022,PERFUSION
Medicament534,Description534,589.00,44,15,23/09/2022,24/11/2022,PERFUSION
Medicament535,Description535,870.00,33,6,13/03/2022,25/10/2022,INJECTABLES
Medicament536,Description536,298.00,55,16,25/10/2022,01/04/2022,ANTISEPTIQUES
Medicament537,Description537,306.00,64,9,05/04/2022,21/10/2022,ORAUX
Medicament538,Description538,532.00,30,10,08/03/2022,17/02/2022,INJECTABLES
Medicament539,Description539,520.00,23,16,02/06/2022,04/12/2022,ANTISEPTIQUES
Medicament540,Description540,667.00,44,20,28/10/2022,05/05/2022,PERFUSION
Medicament541,Description541,473.00,69,17,16/11/2022,14/05/2022,VACCINS
Medicament542,Description542,451.00,14,13,26/08/2022,13/08/2022,ANTISEPTIQUES
Medicament543,Description543,680.00,54,2,07/08/2022,08/01/2022,INJECTABLES
Medicament544,Description544,621.00,49,7,07/01/2022,24/01/2022,DESINFECTANTS
Medicament545,Description545,188.00,98,13,07/11/2022,06/10/2022,VACCINS
Medicament546,Description546,871.00,17,16,17/06/2022,06/03/2022,ANTISEPTIQUES
Medicament547,Description547,966.00,1,17,07/02/2022,15/09/2022,ORAUX
Medicament548,Description548,982.00,39,8,01/01/2022,25/12/2022,PERFUSION
Medicament549,Description549,524.00,78,7,17/07/2022,14/01/2022,ORAUX
Medicament550,Description550,66.00,59,18,21/08/2022,15/10/2022,DESINFECTANTS
Medicament551,Description551,196.00,54,1,23/10/2022,23/06/2022,VACCINS
Medicament552,Description552,66.00,16,9,11/03/2022,23/11/2022,DESINFECTANTS
Medicament553,Description553,653.00,81,20,08/06/2022,25/06/2022,ORAUX
Medicament554,Description554,545.00,8,13,22/08/2022,06/07/2022,PERFUSION
Medicament555,Description555,306.00,13,12,28/03/2022,01/01/2022,ORAUX
Medicament556,Description556,641.00,72,1,16/08/2022,09/06/2022,PERFUSION
Medicament557,Description557,600.00,11,11,04/03/2022,28/03/2022,PERFUSION
Medicament558,Description558,183.00,15,7,04/03/2022,09/10/2022,ORAUX
Medicament559,Description559,561.00,44,10,26/07/2022,01/06/2022,INJECTABLES
Medicament560,Description560,599.00,80,18,13/12/2022,27/11/2022,INJECTABLES
Medicament561,Description561,330.00,54,12,04/03/2022,23/06/2022,PERFUSION
Medicament562,Description562,57.00,21,7,23/07/2022,28/08/2022,ANTISEPTIQUES
Medicament563,Description563,41.00,18,3,24/01/2022,05/08/2022,VACCINS
Medicament564,Description564,499.00,50,15,18/10/2022,15/12/2022,ANTISEPTIQUES
Medicament565,Description565,690.00,58,10,16/07/2022,17/12/2022,DESINFECTANTS
Medicament566,Description566,144.00,64,20,16/10/2022,13/09/2022,ANTISEPTIQUES
Medicament567,Description567,364.00,66,11,22/03/2022,01/02/2022,VACCINS
Medicament568,Description568,969.00,99,3,19/10/2022,12/08/2022,PERFUSION
Medicament569,Description569,766.00,48,1,05/07/2022,16/07/2022,DESINFECTANTS
Medicament570,Description570,282.00,98,13,07/08/2022,04/06/2022,ANTISEPTIQUES
Medicament571,Description571,664.00,46,2,17/09/2022,14/05/2022,INJECTABLES
Medicament572,Description572,440.00,76,20,12/03/2022,18/06/2022,VACCINS
Medicament573,Description573,711.00,88,8,20/08/2022,02/01/2022,ORAUX
Medicament574,Description574,593.00,85,4,11/01/2022,19/08/2022,PERFUSION
Medicament575,Description575,48.00,86,6,06/04/2022,08/07/2022,INJECTABLES
Medicament576,Description576,43.00,54,9,06/05/2022,01/09/2022,DESINFECTANTS
Medicament577,Description577,985.00,90,16,19/07/2022,09/03/2022,ORAUX
Medicament578,Description578,330.00,58,7,02/04/2022,27/07/2022,ANTISEPTIQUES
Medicament579,Description579,228.00,5,11,15/05/2022,05/06/2022,VACCINS
Medicament580,Description580,932.00,42,4,20/01/2022,06/11/2022,ANTISEPTIQUES
Medicament581,Description581,756.00,38,7,22/12/2022,04/07/2022,VACCINS
Medicament582,Description582,727.00,62,6,02/09/2022,21/04/2022,VACCINS
Medicament583,Description583,164.00,87,18,21/03/2022,25/03/2022,DESINFECTANTS
Medicament584,Description584,133.00,13,2,23/04/2022,25/10/2022,ORAUX
Medicament585,Description585,190.00,88,6,12/12/2022,16/02/2022,ANTISEPTIQUES
Medicament586,Description586,413.00,7,3,20/04/2022,06/12/2022,PERFUSION
Medicament587,Description587,665.00,65,5,28/12/2022,09/11/2022,ANTISEPTIQUES
Medicament588,Description588,901.00,97,14,06/11/2022,09/10/2022,PERFUSION
Medicament589,Description589,343.00,13,4,03/03/2022,08/11/2022,PERFUSION
Medicament590,Description590,775.00,97,16,09/04/2022,20/03/2022,INJECTABLES
Medicament591,Description591,381.00,7,17,22/12/2022,03/02/2022,VACCINS
Medicament592,Description592,161.00,66,5,14/10/2022,22/09/2022,PERFUSION
Medicament593,Description593,179.00,99,13,24/03/2022,06/05/2022,DESINFECTANTS
Medicament594,Description594,633.00,85,9,20/05/2022,07/01/2022,PERFUSION
Medicament595,Description595,197.00,34,1,13/12/2022,13/07/2022,VACCINS
Medicament596,Description596,49.00,66,4,03/08/2022,18/09/2022,PERFUSION
Medicament597,Description597,819.00,49,15,04/06/2022,16/09/2022,DESINFECTANTS
Medicament598,Description598,870.00,58,7,14/02/2022,04/08/2022,DESINFECTANTS
Medicament599,Description599,126.00,60,16,28/09/2022,02/01/2022,DESINFECTANTS
Medicament600,Description600,615.00,82,4,13/12/2022,01/10/2022,ANTISEPTIQUES
Medicament601,Description601,356.00,29,16,08/12/2022,23/10/2022,DESINFECTANTS
Medicament602,Description602,155.00,75,18,14/12/2022,01/04/2022,INJECTABLES
Medicament603,Description603,118.00,6,11,02/02/2022,27/05/2022,DESINFECTANTS
Medicament604,Description604,27.00,90,18,04/08/2022,22/05/2022,DESINFECTANTS
Medicament605,Description605,918.00,72,18,14/03/2022,27/12/2022,ORAUX
Medicament606,Description606,370.00,87,12,01/09/2022,11/05/2022,PERFUSION
Medicament607,Description607,374.00,65,12,23/10/2022,23/09/2022,INJECTABLES
Medicament608,Description608,857.00,1,17,21/01/2022,19/10/2022,PERFUSION
Medicament609,Description609,983.00,17,2,02/05/2022,16/02/2022,VACCINS
Medicament610,Description610,224.00,93,15,27/06/2022,07/09/2022,DESINFECTANTS
Medicament611,Description611,895.00,69,8,09/08/2022,24/02/2022,DESINFECTANTS
Medicament612,Description612,849.00,19,10,15/08/2022,21/11/2022,PERFUSION
Medicament613,Description613,630.00,31,2,06/02/2022,03/12/2022,ANTISEPTIQUES
Medicament614,Description614,566.00,88,3,24/09/2022,22/08/2022,INJECTABLES
Medicament615,Description615,282.00,81,10,08/05/2022,28/03/2022,INJECTABLES
Medicament616,Description616,934.00,9,11,23/12/2022,05/07/2022,DESINFECTANTS
Medicament617,Description617,816.00,42,15,18/07/2022,15/01/2022,PERFUSION
Medicament618,Description618,572.00,79,2,12/12/2022,21/10/2022,ANTISEPTIQUES
Medicament619,Description619,565.00,25,2,06/05/2022,05/05/2022,ORAUX
Medicament620,Description620,745.00,64,20,08/09/2022,12/11/2022,PERFUSION
Medicament621,Description621,750.00,58,20,04/12/2022,01/01/2022,ORAUX
Medicament622,Description622,97.00,58,10,15/08/2022,13/09/2022,INJECTABLES
Medicament623,Description623,277.00,99,11,28/06/2022,21/01/2022,INJECTABLES
Medicament624,Description624,195.00,55,1,24/07/2022,04/04/2022,ORAUX
Medicament625,Description625,893.00,17,9,21/03/2022,17/08/2022,ANTISEPTIQUES
Medicament626,Description626,669.00,3,19,05/10/2022,12/08/2022,VACCINS
Medicament627,Description627,999.00,62,18,16/12/2022,18/09/2022,DESINFECTANTS
Medicament628,Description628,726.00,12,15,28/09/2022,12/12/2022,ANTISEPTIQUES
Medicament629,Description629,293.00,100,8,03/11/2022,02/02/2022,DESINFECTANTS
Medicament630,Description630,960.00,19,19,24/06/2022,22/12/2022,ANTISEPTIQUES
Medicament631,Description631,630.00,5,4,13/11/2022,07/03/2022,ANTISEPTIQUES
Medicament632,Description632,468.00,51,6,20/06/2022,13/05/2022,ANTISEPTIQUES
Medicament633,Description633,707.00,9,3,13/10/2022,22/05/2022,DESINFECTANTS
Medicament634,Description634,199.00,23,12,05/11/2022,05/11/2022,ORAUX
Medicament635,Description635,57.00,38,11,01/09/2022,01/12/2022,INJECTABLES
Medicament636,Description636,446.00,39,8,21/08/2022,11/09/2022,ANTISEPTIQUES
Medicament637,Description637,735.00,8,12,06/11/2022,04/02/2022,DESINFECTANTS
Medicament638,Description638,454.00,43,13,23/09/2022,13/08/2022,DESINFECTANTS
Medicament639,Description639,841.00,45,10,02/05/2022,23/06/2022,ANTISEPTIQUES
Medicament640,Description640,703.00,39,17,17/07/2022,04/04/2022,ANTISEPTIQUES
Medicament641,Description641,990.00,81,8,18/05/2022,12/09/2022,PERFUSION
Medicament642,Description642,313.00,74,20,16/11/2022,05/08/2022,PERFUSION
Medicament643,Description643,159.00,57,13,13/09/2022,23/06/2022,DESINFECTANTS
Medicament644,Description644,766.00,78,18,02/03/2022,18/08/2022,DESINFECTANTS
Medicament645,Description645,497.00,8,4,12/05/2022,26/08/2022,DESINFECTANTS
Medicament646,Description646,434.00,19,9,17/05/2022,04/09/2022,DESINFECTANTS
Medicament647,Description647,676.00,14,6,26/08/2022,27/07/2022,ORAUX
Medicament648,Description648,823.00,11,14,12/03/2022,24/08/2022,PERFUSION
Medicament649,Description649,588.00,13,4,06/12/2022,19/08/2022,ORAUX
Medicament650,Description650,494.00,10,11,23/07/2022,13/02/2022,ORAUX
Medicament651,Description651,375.00,86,2,15/04/2022,05/05/2022,PERFUSION
Medicament652,Description652,147.00,50,11,18/07/2022,13/02/2022,ORAUX
Medicament653,Description653,887.00,92,15,08/03/2022,26/03/2022,ANTISEPTIQUES
Medicament654,Description654,247.00,77,2,09/03/2022,24/04/2022,VACCINS
Medicament655,Description655,323.00,27,1,09/06/2022,19/07/2022,ANTISEPTIQUES
Medicament656,Description656,68.00,81,14,13/07/2022,12/05/2022,INJECTABLES
Medicament657,Description657,241.00,99,8,13/01/2022,24/07/2022,ORAUX
Medicament658,Description658,348.00,56,7,19/03/2022,07/11/2022,DESINFECTANTS
Medicament659,Description659,526.00,58,9,05/01/2022,27/02/2022,INJECTABLES
Medicament660,Description660,986.00,25,3,14/09/2022,09/08/2022,INJECTABLES
Medicament661,Description661,352.00,19,12,08/09/2022,22/10/2022,ORAUX
Medicament662,Description662,220.00,21,12,14/01/2022,10/10/2022,DESINFECTANTS
Medicament663,Description663,427.00,43,16,16/07/2022,16/08/2022,ANTISEPTIQUES
Medicament664,Description664,537.00,42,10,18/07/2022,02/09/2022,PERFUSION
Medicament665,Description665,67.00,46,13,04/09/2022,26/08/2022,ORAUX
Medicament666,Description666,847.00,45,19,17/10/2022,14/11/2022,ANTISEPTIQUES
Medicament667,Description667,41.00,99,3,07/04/2022,16/06/2022,INJECTABLES
Medicament668,Description668,96.00,50,5,17/11/2022,19/02/2022,VACCINS
Medicament669,Description669,112.00,64,1,01/08/2022,05/04/2022,DESINFECTANTS
Medicament670,Description670,366.00,25,3,13/04/2022,26/12/2022,PERFUSION
Medicament671,Description671,714.00,29,7,16/09/2022,28/06/2022,ANTISEPTIQUES
Medicament672,Description672,371.00,94,19,20/09/2022,11/08/2022,VACCINS
Medicament673,Description673,734.00,1,4,25/01/2022,07/11/2022,ANTISEPTIQUES
Medicament674,Description674,973.00,37,7,18/03/2022,01/01/2022,VACCINS
Medicament675,Description675,756.00,89,8,27/06/2022,11/09/2022,PERFUSION
Medicament676,Description676,794.00,48,14,02/12/2022,09/11/2022,DESINFECTANTS
Medicament677,Description677,788.00,33,2,24/06/2022,25/07/2022,PERFUSION
Medicament678,Description678,96.00,57,17,16/04/2022,01/07/2022,INJECTABLES
Medicament679,Description679,860.00,20,17,10/01/2022,02/10/2022,DESINFECTANTS
Medicament680,Description680,536.00,11,14,24/02/2022,24/07/2022,INJECTABLES
Medicament681,Description681,944.00,44,15,24/06/2022,15/09/2022,VACCINS
Medicament682,Description682,35.00,63,16,07/09/2022,28/02/2022,DESINFECTANTS
Medicament683,Description683,78.00,30,18,06/09/2022,05/01/2022,INJECTABLES
Medicament684,Description684,469.00,74,8,09/11/2022,12/02/2022,ANTISEPTIQUES
Medicament685,Description685,434.00,11,5,22/07/2022,19/05/2022,INJECTABLES
Medicament686,Description686,705.00,50,3,07/10/2022,26/08/2022,DESINFECTANTS
Medicament687,Description687,742.00,55,18,12/07/2022,05/09/2022,DESINFECTANTS
Medicament688,Description688,460.00,2,16,07/02/2022,10/11/2022,VACCINS
Medicament689,Description689,910.00,57,18,27/04/2022,16/08/2022,INJECTABLES
Medicament690,Description690,6.00,70,20,17/07/2022,16/08/2022,ORAUX
Medicament691,Description691,242.00,35,13,28/12/2022,05/03/2022,PERFUSION
Medicament692,Description692,597.00,87,4,08/09/2022,07/01/2022,INJECTABLES
Medicament693,Description693,389.00,30,15,19/04/2022,13/01/2022,ORAUX
Medicament694,Description694,612.00,58,2,20/08/2022,20/12/2022,DESINFECTANTS
Medicament695,Description695,453.00,29,6,05/04/2022,10/01/2022,ORAUX
Medicament696,Description696,749.00,3,7,05/04/2022,06/10/2022,VACCINS
Medicament697,Description697,68.00,80,18,22/05/2022,09/05/2022,DESINFECTANTS
Medicament698,Description698,610.00,33,15,05/07/2022,06/08/2022,ORAUX
Medicament699,Description699,246.00,92,14,07/05/2022,26/11/2022,PERFUSION
Medicament700,Description700,297.00,39,10,14/05/2022,22/05/2022,INJECTABLES
Medicament701,Description701,691.00,96,9,06/07/2022,02/01/2022,ANTISEPTIQUES
Medicament702,Description702,8.00,53,11,27/06/2022,04/01/2022,INJECTABLES
Medicament703,Description703,407.00,1,12,08/07/2022,24/05/2022,ORAUX
Medicament704,Description704,503.00,80,2,24/02/2022,01/04/2022,PERFUSION
Medicament705,Description705,560.00,78,8,02/03/2022,07/12/2022,PERFUSION
Medicament706,Description706,733.00,71,15,24/11/2022,07/02/2022,PERFUSION
Medicament707,Description707,111.00,66,7,12/02/2022,22/12/2022,ANTISEPTIQUES
Medicament708,Description708,197.00,71,16,02/06/2022,19/03/2022,INJECTABLES
Medicament709,Description709,322.00,58,19,14/08/2022,17/02/2022,ANTISEPTIQUES
Medicament710,Description710,402.00,21,6,14/01/2022,09/06/2022,ORAUX
Medicament711,Description711,192.00,47,3,01/07/2022,06/12/2022,PERFUSION
Medicament712,Description712,959.00,18,7,25/08/2022,03/03/2022,INJECTABLES
Medicament713,Description713,942.00,68,10,13/05/2022,06/06/2022,INJECTABLES
Medicament714,Description714,436.00,54,7,19/10/2022,13/08/2022,ORAUX
Medicament715,Description715,42.00,19,20,11/06/2022,06/04/2022,DESINFECTANTS
Medicament716,Description716,149.00,45,18,16/03/2022,13/03/2022,PERFUSION
Medicament717,Description717,917.00,25,19,06/04/2022,09/01/2022,ANTISEPTIQUES
Medicament718,Description718,797.00,26,9,09/12/2022,18/02/2022,VACCINS
Medicament719,Description719,678.00,91,2,21/05/2022,12/10/2022,ANTISEPTIQUES
Medicament720,Description720,203.00,53,8,25/01/2022,11/07/2022,ANTISEPTIQUES
Medicament721,Description721,900.00,15,16,23/08/2022,04/01/2022,INJECTABLES
Medicament722,Description722,827.00,91,18,19/06/2022,04/03/2022,ANTISEPTIQUES
Medicament723,Description723,996.00,47,3,02/04/2022,23/11/2022,INJECTABLES
Medicament724,Description724,552.00,4,6,14/07/2022,20/07/2022,ORAUX
Medicament725,Description725,179.00,41,6,13/05/2022,08/07/2022,ORAUX
Medicament726,Description726,408.00,73,9,18/09/2022,16/04/2022,INJECTABLES
Medicament727,Description727,797.00,72,16,13/03/2022,27/12/2022,VACCINS
Medicament728,Description728,184.00,35,9,16/03/2022,16/01/2022,PERFUSION
Medicament729,Description729,190.00,97,10,22/11/2022,26/10/2022,INJECTABLES
Medicament730,Description730,920.00,27,13,25/04/2022,08/11/2022,ANTISEPTIQUES
Medicament731,Description731,465.00,72,8,22/11/2022,01/04/2022,VACCINS
Medicament732,Description732,450.00,71,5,11/11/2022,14/05/2022,ORAUX
Medicament733,Description733,191.00,41,20,05/07/2022,04/09/2022,VACCINS
Medicament734,Description734,903.00,100,7,22/07/2022,05/11/2022,ANTISEPTIQUES
Medicament735,Description735,490.00,33,15,14/01/2022,21/04/2022,INJECTABLES
Medicament736,Description736,122.00,93,14,01/07/2022,13/02/2022,ANTISEPTIQUES
Medicament737,Description737,194.00,62,4,18/02/2022,03/08/2022,ORAUX
Medicament738,Description738,736.00,11,16,22/05/2022,16/01/2022,PERFUSION
Medicament739,Description739,495.00,3,9,23/10/2022,26/09/2022,DESINFECTANTS
Medicament740,Description740,87.00,9,7,06/02/2022,19/12/2022,VACCINS
Medicament741,Description741,832.00,80,11,11/03/2022,16/12/2022,ANTISEPTIQUES
Medicament742,Description742,351.00,43,12,25/07/2022,22/03/2022,DESINFECTANTS
Medicament743,Description743,955.00,93,5,09/06/2022,10/02/2022,PERFUSION
Medicament744,Description744,62.00,55,18,11/01/2022,09/08/2022,INJECTABLES
Medicament745,Description745,789.00,32,8,04/05/2022,07/11/2022,DESINFECTANTS
Medicament746,Description746,552.00,84,8,27/03/2022,20/07/2022,DESINFECTANTS
Medicament747,Description747,19.00,100,18,11/05/2022,19/11/2022,ANTISEPTIQUES
Medicament748,Description748,318.00,49,5,20/11/2022,25/06/2022,VACCINS
Medicament749,Description749,250.00,64,20,28/10/2022,27/01/2022,VACCINS
Medicament750,Description750,469.00,68,13,24/05/2022,16/04/2022,DESINFECTANTS
Medicament751,Description751,820.00,64,9,24/08/2022,19/02/2022,ORAUX
Medicament752,Description752,514.00,55,13,07/03/2022,14/07/2022,ORAUX
Medicament753,Description753,131.00,86,4,02/06/2022,25/09/2022,INJECTABLES
Medicament754,Description754,916.00,46,10,09/05/2022,13/02/2022,INJECTABLES
Medicament755,Description755,714.00,9,1,10/09/2022,21/02/2022,ANTISEPTIQUES
Medicament756,Description756,386.00,91,14,04/01/2022,27/11/2022,ORAUX
Medicament757,Description757,346.00,45,3,09/02/2022,04/12/2022,ANTISEPTIQUES
Medicament758,Description758,798.00,91,14,17/10/2022,03/05/2022,INJECTABLES
Medicament759,Description759,626.00,58,1,06/03/2022,01/08/2022,PERFUSION
Medicament760,Description760,234.00,89,8,28/10/2022,05/05/2022,VACCINS
Medicament761,Description761,834.00,39,6,12/02/2022,02/02/2022,INJECTABLES
Medicament762,Description762,826.00,20,12,25/01/2022,25/02/2022,ORAUX
Medicament763,Description763,409.00,78,2,10/03/2022,16/08/2022,ANTISEPTIQUES
Medicament764,Description764,569.00,60,4,01/11/2022,01/02/2022,ANTISEPTIQUES
Medicament765,Description765,717.00,86,6,18/12/2022,18/08/2022,ANTISEPTIQUES
Medicament766,Description766,952.00,21,13,12/04/2022,24/10/2022,ORAUX
Medicament767,Description767,842.00,42,14,22/09/2022,06/02/2022,INJECTABLES
Medicament768,Description768,100.00,11,4,05/11/2022,22/05/2022,INJECTABLES
Medicament769,Description769,215.00,91,2,23/06/2022,20/08/2022,ORAUX
Medicament770,Description770,206.00,9,18,16/03/2022,27/01/2022,ANTISEPTIQUES
Medicament771,Description771,28.00,68,14,08/08/2022,22/02/2022,ANTISEPTIQUES
Medicament772,Description772,961.00,6,11,11/06/2022,05/10/2022,DESINFECTANTS
Medicament773,Description773,368.00,50,10,22/11/2022,04/01/2022,PERFUSION
Medicament774,Description774,95.00,76,4,15/03/2022,10/12/2022,ORAUX
Medicament775,Description775,506.00,72,9,12/10/2022,18/06/2022,DESINFECTANTS
Medicament776,Description776,964.00,98,2,28/02/2022,24/06/2022,DESINFECTANTS
Medicament777,Description777,773.00,31,9,21/02/2022,07/06/2022,PERFUSION
Medicament778,Description778,855.00,100,9,07/06/2022,06/04/2022,DESINFECTANTS
Medicament779,Description779,378.00,69,3,28/01/2022,24/08/2022,PERFUSION
Medicament780,Description780,181.00,96,18,07/09/2022,14/05/2022,PERFUSION
Medicament781,Description781,264.00,39,4,28/02/2022,25/08/2022,ANTISEPTIQUES
Medicament782,Description782,352.00,20,5,19/01/2022,04/04/2022,ORAUX
Medicament783,Description783,774.00,85,15,17/01/2022,02/02/2022,DESINFECTANTS
Medicament784,Description784,992.00,46,7,18/09/2022,11/09/2022,VACCINS
Medicament785,Description785,372.00,93,4,06/09/2022,05/05/2022,ANTISEPTIQUES
Medicament786,Description786,688.00,48,15,27/10/2022,17/11/2022,PERFUSION
Medicament787,Description787,14.00,74,2,08/03/2022,15/09/2022,VACCINS
Medicament788,Description788,787.00,53,6,19/03/2022,13/12/2022,VACCINS
Medicament789,Description789,434.00,81,20,23/09/2022,04/09/2022,ORAUX
Medicament790,Description790,360.00,22,4,04/10/2022,28/08/2022,INJECTABLES
Medicament791,Description791,796.00,97,1,11/03/2022,08/10/2022,ORAUX
Medicament792,Description792,212.00,29,8,19/12/2022,19/02/2022,ORAUX
Medicament793,Description793,711.00,93,5,08/02/2022,19/09/2022,ANTISEPTIQUES
Medicament794,Description794,990.00,83,12,13/04/2022,11/07/2022,DESINFECTANTS
Medicament795,Description795,102.00,63,6,13/03/2022,03/03/2022,VACCINS
Medicament796,Description796,824.00,36,9,22/03/2022,22/08/2022,PERFUSION
Medicament797,Description797,755.00,99,16,02/10/2022,16/07/2022,DESINFECTANTS
Medicament798,Description798,444.00,88,9,03/08/2022,22/11/2022,ANTISEPTIQUES
Medicament799,Description799,264.00,99,8,25/03/2022,27/03/2022,ANTISEPTIQUES
Medicament800,Description800,229.00,64,19,18/02/2022,15/06/2022,DESINFECTANTS
Medicament801,Description801,348.00,48,12,23/07/2022,20/03/2022,PERFUSION
Medicament802,Description802,56.00,70,17,11/05/2022,12/11/2022,ANTISEPTIQUES
Medicament803,Description803,519.00,78,11,07/07/2022,06/02/2022,ORAUX
Medicament804,Description804,233.00,52,12,27/12/2022,26/06/2022,ORAUX
Medicament805,Description805,665.00,100,17,03/01/2022,04/09/2022,DESINFECTANTS
Medicament806,Description806,330.00,87,4,07/03/2022,16/11/2022,PERFUSION
Medicament807,Description807,895.00,51,1,17/03/2022,10/06/2022,DESINFECTANTS
Medicament808,Description808,633.00,39,11,02/01/2022,06/10/2022,PERFUSION
Medicament809,Description809,103.00,16,14,12/01/2022,08/09/2022,VACCINS
Medicament810,Description810,201.00,34,16,28/05/2022,14/05/2022,ANTISEPTIQUES
Medicament811,Description811,334.00,39,8,08/10/2022,17/05/2022,INJECTABLES
Medicament812,Description812,100.00,41,8,27/11/2022,10/02/2022,INJECTABLES
Medicament813,Description813,103.00,46,11,27/03/2022,15/06/2022,ORAUX
Medicament814,Description814,622.00,82,11,22/04/2022,14/02/2022,VACCINS
Medicament815,Description815,766.00,82,17,17/03/2022,06/05/2022,DESINFECTANTS
Medicament816,Description816,549.00,80,6,17/01/2022,22/12/2022,ANTISEPTIQUES
Medicament817,Description817,542.00,16,12,17/09/2022,02/07/2022,ANTISEPTIQUES
Medicament818,Description818,247.00,56,1,22/03/2022,12/05/2022,VACCINS
Medicament819,Description819,591.00,20,2,05/06/2022,25/06/2022,PERFUSION
Medicament820,Description820,596.00,72,8,13/11/2022,12/06/2022,VACCINS
Medicament821,Description821,300.00,73,9,23/10/2022,05/05/2022,INJECTABLES
Medicament822,Description822,517.00,92,19,15/01/2022,03/03/2022,PERFUSION
Medicament823,Description823,475.00,45,9,09/10/2022,26/07/2022,PERFUSION
Medicament824,Description824,44.00,40,10,15/06/2022,20/08/2022,PERFUSION
Medicament825,Description825,989.00,31,3,19/12/2022,15/03/2022,PERFUSION
Medicament826,Description826,462.00,8,13,02/11/2022,16/02/2022,ORAUX
Medicament827,Description827,488.00,1,2,26/09/2022,03/10/2022,DESINFECTANTS
Medicament828,Description828,767.00,83,16,08/11/2022,09/11/2022,INJECTABLES
Medicament829,Description829,411.00,68,17,20/01/2022,06/05/2022,VACCINS
Medicament830,Description830,516.00,90,13,03/07/2022,14/05/2022,PERFUSION
Medicament831,Description831,938.00,88,18,10/05/2022,17/03/2022,VACCINS
Medicament832,Description832,382.00,63,7,07/08/2022,13/07/2022,VACCINS
Medicament833,Description833,938.00,34,13,25/02/2022,01/05/2022,DESINFECTANTS
Medicament834,Description834,45.00,13,10,01/05/2022,24/01/2022,PERFUSION
Medicament835,Description835,87.00,99,19,25/07/2022,07/05/2022,INJECTABLES
Medicament836,Description836,634.00,29,7,08/10/2022,20/10/2022,INJECTABLES
Medicament837,Description837,3.00,46,19,18/04/2022,17/09/2022,ANTISEPTIQUES
Medicament838,Description838,209.00,60,6,26/02/2022,04/12/2022,INJECTABLES
Medicament839,Description839,945.00,78,8,21/06/2022,03/09/2022,VACCINS
Medicament840,Description840,958.00,87,1,16/12/2022,14/03/2022,ORAUX
Medicament841,Description841,66.00,48,13,10/05/2022,05/03/2022,INJECTABLES
Medicament842,Description842,63.00,34,8,09/12/2022,28/08/2022,PERFUSION
Medicament843,Description843,23.00,73,11,18/04/2022,07/05/2022,INJECTABLES
Medicament844,Description844,281.00,89,3,27/11/2022,17/04/2022,VACCINS
Medicament845,Description845,832.00,29,2,20/09/2022,26/11/2022,PERFUSION
Medicament846,Description846,375.00,99,3,14/03/2022,15/08/2022,DESINFECTANTS
Medicament847,Description847,403.00,31,10,27/06/2022,05/11/2022,PERFUSION
Medicament848,Description848,553.00,28,19,12/09/2022,04/12/2022,INJECTABLES
Medicament849,Description849,409.00,12,14,15/02/2022,07/01/2022,DESINFECTANTS
Medicament850,Description850,9.00,49,16,21/03/2022,08/12/2022,INJECTABLES
Medicament851,Description851,294.00,5,17,12/11/2022,04/07/2022,ANTISEPTIQUES
Medicament852,Description852,499.00,54,8,01/07/2022,10/06/2022,VACCINS
Medicament853,Description853,487.00,98,12,09/11/2022,01/09/2022,ORAUX
Medicament854,Description854,309.00,77,20,07/08/2022,12/08/2022,INJECTABLES
Medicament855,Description855,984.00,8,20,17/09/2022,21/08/2022,DESINFECTANTS
Medicament856,Description856,45.00,20,17,03/02/2022,11/04/2022,DESINFECTANTS
Medicament857,Description857,381.00,78,1,27/06/2022,21/05/2022,ORAUX
Medicament858,Description858,138.00,36,4,19/05/2022,23/09/2022,VACCINS
Medicament859,Description859,128.00,43,10,05/04/2022,18/08/2022,DESINFECTANTS
Medicament860,Description860,28.00,63,11,10/05/2022,02/12/2022,VACCINS
Medicament861,Description861,173.00,98,18,20/02/2022,05/02/2022,VACCINS
Medicament862,Description862,455.00,98,11,22/09/2022,24/08/2022,ANTISEPTIQUES
Medicament863,Description863,362.00,46,10,13/01/2022,11/03/2022,VACCINS
Medicament864,Description864,350.00,72,20,04/01/2022,02/10/2022,PERFUSION
Medicament865,Description865,946.00,67,13,21/06/2022,19/03/2022,ORAUX
Medicament866,Description866,549.00,6,12,04/01/2022,22/09/2022,INJECTABLES
Medicament867,Description867,772.00,17,18,05/08/2022,12/04/2022,VACCINS
Medicament868,Description868,41.00,28,7,18/12/2022,01/12/2022,ORAUX
Medicament869,Description869,118.00,21,16,24/12/2022,10/08/2022,DESINFECTANTS
Medicament870,Description870,731.00,63,1,26/04/2022,03/09/2022,INJECTABLES
Medicament871,Description871,472.00,18,11,22/10/2022,04/08/2022,ORAUX
Medicament872,Description872,673.00,64,9,22/03/2022,20/05/2022,VACCINS
Medicament873,Description873,870.00,9,20,26/02/2022,14/08/2022,DESINFECTANTS
Medicament874,Description874,831.00,69,9,10/05/2022,28/01/2022,INJECTABLES
Medicament875,Description875,197.00,51,2,03/04/2022,25/09/2022,DESINFECTANTS
Medicament876,Description876,319.00,30,15,11/04/2022,13/12/2022,ANTISEPTIQUES
Medicament877,Description877,362.00,85,16,11/05/2022,04/08/2022,ORAUX
Medicament878,Description878,92.00,2,15,09/05/2022,18/12/2022,PERFUSION
Medicament879,Description879,678.00,61,2,19/10/2022,09/08/2022,ORAUX
Medicament880,Description880,452.00,10,9,19/04/2022,12/06/2022,INJECTABLES
Medicament881,Description881,894.00,92,4,06/09/2022,08/06/2022,PERFUSION
Medicament882,Description882,79.00,90,9,28/07/2022,03/09/2022,DESINFECTANTS
Medicament883,Description883,817.00,40,8,17/01/2022,11/03/2022,PERFUSION
Medicament884,Description884,34.00,14,20,08/10/2022,06/10/2022,VACCINS
Medicament885,Description885,619.00,79,11,26/10/2022,26/11/2022,DESINFECTANTS
Medicament886,Description886,929.00,35,14,26/02/2022,16/10/2022,ORAUX
Medicament887,Description887,25.00,44,14,12/06/2022,08/04/2022,VACCINS
Medicament888,Description888,372.00,55,1,08/10/2022,09/04/2022,ANTISEPTIQUES
Medicament889,Description889,286.00,37,13,18/02/2022,06/06/2022,ORAUX
Medicament890,Description890,832.00,89,8,12/10/2022,17/02/2022,PERFUSION
Medicament891,Description891,429.00,29,16,03/04/2022,26/09/2022,DESINFECTANTS
Medicament892,Description892,161.00,26,4,17/07/2022,18/06/2022,PERFUSION
Medicament893,Description893,911.00,7,9,02/08/2022,04/02/2022,DESINFECTANTS
Medicament894,Description894,166.00,100,18,14/11/2022,12/09/2022,INJECTABLES
Medicament895,Description895,487.00,91,6,14/06/2022,25/02/2022,PERFUSION
Medicament896,Description896,5.00,4,2,05/10/2022,13/02/2022,ANTISEPTIQUES
Medicament897,Description897,483.00,17,4,12/07/2022,12/12/2022,INJECTABLES
Medicament898,Description898,328.00,37,3,12/04/2022,18/10/2022,PERFUSION
Medicament899,Description899,462.00,100,8,19/11/2022,01/10/2022,VACCINS
Medicament900,Description900,951.00,93,16,19/04/2022,09/08/2022,INJECTABLES
Medicament901,Description901,595.00,76,20,16/05/2022,11/02/2022,PERFUSION
Medicament902,Description902,744.00,13,10,05/01/2022,15/04/2022,ORAUX
Medicament903,Description903,68.00,17,9,18/04/2022,09/02/2022,PERFUSION
Medicament904,Description904,364.00,48,18,01/04/2022,21/09/2022,PERFUSION
Medicament905,Description905,571.00,30,11,12/01/2022,16/05/2022,PERFUSION
Medicament906,Description906,443.00,17,4,23/10/2022,06/06/2022,VACCINS
Medicament907,Description907,457.00,1,16,02/09/2022,15/07/2022,DESINFECTANTS
Medicament908,Description908,955.00,70,4,20/11/2022,24/08/2022,ORAUX
Medicament909,Description909,221.00,57,9,12/05/2022,23/04/2022,PERFUSION
Medicament910,Description910,100.00,71,9,17/10/2022,28/09/2022,ANTISEPTIQUES
Medicament911,Description911,662.00,14,10,14/08/2022,01/09/2022,VACCINS
Medicament912,Description912,79.00,31,12,11/10/2022,22/04/2022,VACCINS
Medicament913,Description913,531.00,15,13,28/09/2022,22/11/2022,ORAUX
Medicament914,Description914,872.00,88,3,08/09/2022,24/02/2022,DESINFECTANTS
Medicament915,Description915,10.00,14,10,04/09/2022,14/11/2022,VACCINS
Medicament916,Description916,424.00,25,2,03/12/2022,21/12/2022,ANTISEPTIQUES
Medicament917,Description917,472.00,56,1,05/06/2022,27/09/2022,PERFUSION
Medicament918,Description918,952.00,44,13,02/03/2022,22/06/2022,DESINFECTANTS
Medicament919,Description919,688.00,91,3,05/08/2022,27/04/2022,ORAUX
Medicament920,Description920,571.00,44,3,08/05/2022,24/02/2022,ORAUX
Medicament921,Description921,952.00,64,9,12/03/2022,19/06/2022,ORAUX
Medicament922,Description922,210.00,9,1,26/02/2022,16/04/2022,PERFUSION
Medicament923,Description923,951.00,47,18,11/02/2022,23/01/2022,VACCINS
Medicament924,Description924,565.00,67,14,12/12/2022,20/09/2022,VACCINS
Medicament925,Description925,579.00,33,16,07/08/2022,19/06/2022,ANTISEPTIQUES
Medicament926,Description926,167.00,68,11,18/04/2022,14/06/2022,ORAUX
Medicament927,Description927,577.00,61,1,06/08/2022,23/04/2022,ANTISEPTIQUES
Medicament928,Description928,139.00,53,14,07/06/2022,22/04/2022,INJECTABLES
Medicament929,Description929,742.00,35,3,01/06/2022,02/08/2022,DESINFECTANTS
Medicament930,Description930,294.00,42,4,03/02/2022,04/05/2022,DESINFECTANTS
Medicament931,Description931,197.00,94,17,11/11/2022,18/03/2022,ORAUX
Medicament932,Description932,13.00,85,18,13/12/2022,26/08/2022,INJECTABLES
Medicament933,Description933,97.00,7,20,18/04/2022,24/03/2022,ANTISEPTIQUES
Medicament934,Description934,248.00,44,15,21/02/2022,18/08/2022,ANTISEPTIQUES
Medicament935,Description935,246.00,9,6,16/10/2022,06/11/2022,VACCINS
Medicament936,Description936,303.00,63,20,07/09/2022,15/10/2022,PERFUSION
Medicament937,Description937,842.00,91,8,17/01/2022,05/05/2022,ANTISEPTIQUES
Medicament938,Description938,523.00,81,12,01/02/2022,07/01/2022,ANTISEPTIQUES
Medicament939,Description939,553.00,4,9,06/07/2022,17/09/2022,INJECTABLES
Medicament940,Description940,15.00,100,11,08/10/2022,21/02/2022,DESINFECTANTS
Medicament941,Description941,857.00,9,18,20/03/2022,03/03/2022,INJECTABLES
Medicament942,Description942,879.00,70,20,09/07/2022,03/12/2022,ANTISEPTIQUES
Medicament943,Description943,347.00,21,17,10/11/2022,10/04/2022,ORAUX
Medicament944,Description944,113.00,78,5,10/04/2022,22/05/2022,INJECTABLES
Medicament945,Description945,706.00,60,6,04/02/2022,24/10/2022,VACCINS
Medicament946,Description946,492.00,73,10,19/03/2022,24/01/2022,DESINFECTANTS
Medicament947,Description947,568.00,4,11,01/01/2022,17/06/2022,DESINFECTANTS
Medicament948,Description948,206.00,33,1,23/01/2022,25/04/2022,INJECTABLES
Medicament949,Description949,671.00,21,10,10/03/2022,20/02/2022,ORAUX
Medicament950,Description950,802.00,95,13,11/11/2022,26/06/2022,INJECTABLES
Medicament951,Description951,373.00,8,4,24/03/2022,11/02/2022,INJECTABLES
Medicament952,Description952,336.00,4,5,09/04/2022,18/10/2022,PERFUSION
Medicament953,Description953,243.00,99,8,19/06/2022,01/05/2022,VACCINS
Medicament954,Description954,551.00,19,15,28/02/2022,26/07/2022,ORAUX
Medicament955,Description955,639.00,34,15,09/01/2022,07/08/2022,ORAUX
Medicament956,Description956,24.00,2,6,14/12/2022,16/02/2022,VACCINS
Medicament957,Description957,815.00,32,18,05/04/2022,22/12/2022,INJECTABLES
Medicament958,Description958,596.00,58,4,22/04/2022,15/01/2022,DESINFECTANTS
Medicament959,Description959,49.00,8,8,20/12/2022,22/01/2022,DESINFECTANTS
Medicament960,Description960,625.00,65,15,13/01/2022,05/11/2022,PERFUSION
Medicament961,Description961,833.00,53,1,12/09/2022,20/07/2022,DESINFECTANTS
Medicament962,Description962,440.00,42,5,19/12/2022,08/12/2022,ORAUX
Medicament963,Description963,98.00,69,6,14/04/2022,16/03/2022,PERFUSION
Medicament964,Description964,954.00,47,18,07/07/2022,02/06/2022,DESINFECTANTS
Medicament965,Description965,744.00,66,15,26/12/2022,13/12/2022,DESINFECTANTS
Medicament966,Description966,628.00,42,18,06/02/2022,28/05/2022,VACCINS
Medicament967,Description967,669.00,10,6,13/06/2022,04/07/2022,DESINFECTANTS
Medicament968,Description968,840.00,15,15,14/01/2022,28/03/2022,PERFUSION
Medicament969,Description969,506.00,88,1,27/02/2022,07/12/2022,VACCINS
Medicament970,Description970,541.00,74,5,07/02/2022,14/09/2022,INJECTABLES
Medicament971,Description971,87.00,22,18,22/07/2022,12/02/2022,ANTISEPTIQUES
Medicament972,Description972,242.00,24,15,01/08/2022,08/09/2022,VACCINS
Medicament973,Description973,566.00,53,5,18/10/2022,18/02/2022,ORAUX
Medicament974,Description974,990.00,44,20,10/06/2022,01/03/2022,ANTISEPTIQUES
Medicament975,Description975,573.00,91,3,13/03/2022,18/11/2022,INJECTABLES
Medicament976,Description976,691.00,55,2,18/05/2022,08/06/2022,INJECTABLES
Medicament977,Description977,954.00,84,9,14/08/2022,10/05/2022,INJECTABLES
Medicament978,Description978,123.00,87,2,07/08/2022,09/06/2022,ANTISEPTIQUES
Medicament979,Description979,572.00,3,3,01/11/2022,01/11/2022,ANTISEPTIQUES
Medicament980,Description980,603.00,12,13,07/10/2022,04/04/2022,ORAUX
Medicament981,Description981,990.00,82,15,10/09/2022,10/02/2022,PERFUSION
Medicament982,Description982,287.00,32,6,07/11/2022,12/12/2022,ANTISEPTIQUES
Medicament983,Description983,934.00,100,4,22/11/2022,26/08/2022,ORAUX
Medicament984,Description984,445.00,65,1,18/01/2022,02/10/2022,INJECTABLES
Medicament985,Description985,407.00,30,7,25/09/2022,19/12/2022,PERFUSION
Medicament986,Description986,287.00,28,3,06/09/2022,19/04/2022,PERFUSION
Medicament987,Description987,283.00,13,15,17/01/2022,16/11/2022,INJECTABLES
Medicament988,Description988,475.00,63,10,18/04/2022,06/08/2022,PERFUSION
Medicament989,Description989,342.00,2,15,10/02/2022,02/11/2022,ORAUX
Medicament990,Description990,508.00,75,11,23/07/2022,26/09/2022,DESINFECTANTS
Medicament991,Description991,470.00,98,13,20/08/2022,28/02/2022,INJECTABLES
Medicament992,Description992,254.00,71,1,03/03/2022,23/06/2022,ORAUX
Medicament993,Description993,718.00,60,14,13/06/2022,22/09/2022,VACCINS
Medicament994,Description994,141.00,72,20,19/05/2022,23/05/2022,PERFUSION
Medicament995,Description995,972.00,76,14,11/10/2022,18/03/2022,DESINFECTANTS
Medicament996,Description996,191.00,39,11,21/06/2022,04/09/2022,INJECTABLES
Medicament997,Description997,969.00,18,5,17/09/2022,03/08/2022,DESINFECTANTS
Medicament998,Description998,883.00,7,2,26/01/2022,19/12/2022,ANTISEPTIQUES
Medicament999,Description999,545.00,50,13,28/11/2022,10/10/2022,ORAUX
Medicament1000,Description1000,713.00,66,4,10/08/2022,12/07/2022,ANTISEPTIQUES
2,2,2.00,22,2,02/02/0002,02/02/0002,INJECTABLES
